context,microbatch,tokens,distribution,backend,forward_ms,forward_cuda_elapsed_ms,forward_backward_ms,forward_backward_cuda_elapsed_ms,forward_tok_s,forward_backward_tok_s,allocated_peak,reserved_peak,expert_counts,nonempty_experts,padded_capacity,padding_ratio,gpu_utilization,gpu_utilization_scope,repeats,forward_speedup_vs_reference,forward_backward_speedup_vs_reference
256,1,256,balanced,reference,13.382850000198232,13.33348798751831,27.238450000368175,27.194320678710938,19128.959825164897,9398.47898821481,435796480,486539264,"[22.0, 22.0, 22.0, 22.0, 21.0, 21.0, 21.0, 21.0, 21.0, 21.0, 21.0, 21.0]",12,,,,Short case; not a reliable occupancy measurement,10,,
256,1,256,balanced,grouped,3.332100000079663,2.7560800313949585,7.643400000233669,6.947280168533325,76828.4265159748,33492.94816340552,440506880,486539264,"[22.0, 22.0, 22.0, 22.0, 21.0, 21.0, 21.0, 21.0, 21.0, 21.0, 21.0, 21.0]",12,32,1.5,,Short case; not a reliable occupancy measurement,10,4.0163410461505595,3.5636562262259543
256,1,256,moderate,reference,11.99090000045544,11.958672046661377,28.328999998848303,28.227055549621582,21349.523387758763,9036.676197903475,435964416,486539264,"[91.0, 15.0, 15.0, 15.0, 15.0, 15.0, 15.0, 15.0, 15.0, 15.0, 15.0, 15.0]",12,,,,Short case; not a reliable occupancy measurement,10,,
256,1,256,moderate,grouped,2.8938999994352343,2.854319930076599,6.366350000462262,6.309967994689941,88461.93719546642,40211.42412550547,441752064,486539264,"[91.0, 15.0, 15.0, 15.0, 15.0, 15.0, 15.0, 15.0, 15.0, 15.0, 15.0, 15.0]",12,96,4.5,,Short case; not a reliable occupancy measurement,10,4.143508760771122,4.449802476582552
256,1,256,strong,reference,13.772700000117766,13.695151805877686,26.267000000189,26.198335647583008,18587.495552637538,9746.069212249515,436718080,486539264,"[232.0, 2.0, 3.0, 3.0, 2.0, 2.0, 2.0, 2.0, 2.0, 2.0, 2.0, 2.0]",12,,,,Short case; not a reliable occupancy measurement,10,,
256,1,256,strong,grouped,2.764700000625453,2.727039933204651,6.922900000063237,6.530751943588257,92595.94167254516,36978.72278924462,448534016,486539264,"[232.0, 2.0, 3.0, 3.0, 2.0, 2.0, 2.0, 2.0, 2.0, 2.0, 2.0, 2.0]",12,240,11.25,,Short case; not a reliable occupancy measurement,10,4.98162549173581,3.7942191855940526
256,1,256,natural,reference,13.179699999454897,13.141536235809326,27.274099999885948,27.230223655700684,19423.8108614451,9386.194228263097,435796480,486539264,"[20.0, 19.0, 28.0, 22.0, 36.0, 10.0, 29.0, 18.0, 9.0, 15.0, 15.0, 35.0]",12,,,,Short case; not a reliable occupancy measurement,10,,
256,1,256,natural,grouped,3.000849999807542,2.9503520727157593,6.602999999813619,6.550608158111572,85309.1624094568,38770.255945362114,440506880,486539264,"[20.0, 19.0, 28.0, 22.0, 36.0, 10.0, 29.0, 18.0, 9.0, 15.0, 15.0, 35.0]",12,48,2.25,,Short case; not a reliable occupancy measurement,10,4.391988936568029,4.130561865917887
256,2,512,balanced,reference,13.092199999846343,13.05785608291626,28.054649999830872,28.002511978149414,39107.254701731494,18250.094013045487,437332992,524288000,"[43.0, 43.0, 43.0, 43.0, 43.0, 43.0, 43.0, 43.0, 42.0, 42.0, 42.0, 42.0]",12,,,,Short case; not a reliable occupancy measurement,10,,
256,2,512,balanced,grouped,2.9426999999486725,2.8976160287857056,7.854150000639493,7.809632062911987,173989.87324869353,65188.4672381241,441881088,524288000,"[43.0, 43.0, 43.0, 43.0, 43.0, 43.0, 43.0, 43.0, 42.0, 42.0, 42.0, 42.0]",12,48,1.125,,Short case; not a reliable occupancy measurement,10,4.449043395546505,3.571952407013698
256,2,512,moderate,reference,14.133850000689563,14.075455665588379,26.89364999969257,26.507983207702637,36225.09082628021,19037.951338172872,437903360,524288000,"[183.0, 30.0, 30.0, 30.0, 30.0, 30.0, 30.0, 30.0, 29.0, 30.0, 30.0, 30.0]",12,,,,Short case; not a reliable occupancy measurement,10,,
256,2,512,moderate,grouped,3.940349999538739,3.8899039030075073,6.784449999940989,6.655712127685547,129937.69590516963,75466.69221594284,448459264,524288000,"[183.0, 30.0, 30.0, 30.0, 30.0, 30.0, 30.0, 30.0, 29.0, 30.0, 30.0, 30.0]",12,192,4.5,,Short case; not a reliable occupancy measurement,10,3.5869529362478163,3.9640132950978324
256,2,512,strong,reference,14.57465000112279,14.534208297729492,25.89425000041956,25.785935401916504,35129.48852703543,19772.72946664623,439581696,524288000,"[464.0, 4.0, 4.0, 4.0, 5.0, 5.0, 5.0, 5.0, 4.0, 4.0, 4.0, 4.0]",12,,,,Short case; not a reliable occupancy measurement,10,,
256,2,512,strong,grouped,2.729650000219408,2.6295199394226074,6.913949999216129,6.870704174041748,187569.8349454493,74053.18234266202,460294656,524288000,"[464.0, 4.0, 4.0, 4.0, 5.0, 5.0, 5.0, 5.0, 4.0, 4.0, 4.0, 4.0]",12,464,10.875,,Short case; not a reliable occupancy measurement,10,5.339384170113856,3.745218001772551
256,2,512,natural,reference,13.323299999683513,13.284847736358643,26.01944999969419,25.35688018798828,38428.917761527715,19677.5873435456,437289472,524288000,"[32.0, 54.0, 62.0, 37.0, 52.0, 36.0, 67.0, 25.0, 13.0, 37.0, 45.0, 52.0]",12,,,,Short case; not a reliable occupancy measurement,10,,
256,2,512,natural,grouped,2.586200000223471,2.559775948524475,7.412250000015774,7.368383884429932,197973.86124652333,69074.84232168511,443109888,524288000,"[32.0, 54.0, 62.0, 37.0, 52.0, 36.0, 67.0, 25.0, 13.0, 37.0, 45.0, 52.0]",12,80,1.875,,Short case; not a reliable occupancy measurement,10,5.151689737271774,3.5103308711442294
256,4,1024,balanced,reference,14.060049999898183,13.92468786239624,25.90749999944819,25.8635196685791,72830.46646401794,39525.23400643869,442294784,591396864,"[86.0, 86.0, 86.0, 86.0, 85.0, 85.0, 85.0, 85.0, 85.0, 85.0, 85.0, 85.0]",12,,,,Short case; not a reliable occupancy measurement,10,,
256,4,1024,balanced,grouped,3.4793000004356145,3.409232020378113,6.734250000590691,6.700128078460693,294312.0742309641,152058.506873101,448406016,591396864,"[86.0, 86.0, 86.0, 86.0, 85.0, 85.0, 85.0, 85.0, 85.0, 85.0, 85.0, 85.0]",12,96,1.125,,Short case; not a reliable occupancy measurement,10,4.041057108653419,3.8471247721982
256,4,1024,moderate,reference,13.546149999456247,13.10214376449585,27.981999999610707,27.939311981201172,75593.43429986411,36594.95389944415,442279936,591396864,"[367.0, 60.0, 60.0, 60.0, 59.0, 59.0, 59.0, 60.0, 60.0, 60.0, 60.0, 60.0]",12,,,,Short case; not a reliable occupancy measurement,10,,
256,4,1024,moderate,grouped,3.3965500006161164,3.3416160345077515,6.50965000022552,6.463295936584473,301482.3864845952,157304.92422242742,460780032,591396864,"[367.0, 60.0, 60.0, 60.0, 59.0, 59.0, 59.0, 60.0, 60.0, 60.0, 60.0, 60.0]",12,368,4.3125,,Short case; not a reliable occupancy measurement,10,3.9882086225726243,4.2985413960261
256,4,1024,strong,reference,13.89629999994213,13.835999965667725,26.447299999745155,26.406928062438965,73688.67972080801,38718.5081278568,445445632,591396864,"[930.0, 9.0, 9.0, 9.0, 8.0, 8.0, 8.0, 8.0, 8.0, 9.0, 9.0, 9.0]",12,,,,Short case; not a reliable occupancy measurement,10,,
256,4,1024,strong,grouped,3.08720000066387,2.9964160919189453,7.360650000919122,7.316655874252319,331692.1481536018,139118.14851570627,484475392,591396864,"[930.0, 9.0, 9.0, 9.0, 8.0, 8.0, 8.0, 8.0, 8.0, 9.0, 9.0, 9.0]",12,944,11.0625,,Short case; not a reliable occupancy measurement,10,4.501263279655959,3.593065829300767
256,4,1024,natural,reference,13.363349999963248,13.277456283569336,26.539849999608123,26.461359977722168,76627.49235804018,38583.48860355729,442286592,591396864,"[88.0, 107.0, 118.0, 82.0, 99.0, 78.0, 130.0, 48.0, 29.0, 69.0, 76.0, 100.0]",12,,,,Short case; not a reliable occupancy measurement,10,,
256,4,1024,natural,grouped,3.4348000008321833,3.370303988456726,6.923599999936414,6.875135898590088,298125.07271221187,147899.93645060435,452280832,591396864,"[88.0, 107.0, 118.0, 82.0, 99.0, 78.0, 130.0, 48.0, 29.0, 69.0, 76.0, 100.0]",12,144,1.6875,,Short case; not a reliable occupancy measurement,10,3.890575869548613,3.833244265967396
256,8,2048,balanced,reference,13.909100000091712,13.870272159576416,27.22840000024007,27.17031955718994,147241.7338279613,75215.58372809063,457382400,725614592,"[171.0, 171.0, 171.0, 171.0, 171.0, 171.0, 171.0, 171.0, 170.0, 170.0, 170.0, 170.0]",12,,,,Short case; not a reliable occupancy measurement,10,,
256,8,2048,balanced,grouped,2.600549999442592,2.5613439083099365,6.7127999991498655,6.662671804428101,787525.7158827838,305088.7856422605,461726208,725614592,"[171.0, 171.0, 171.0, 171.0, 171.0, 171.0, 171.0, 171.0, 170.0, 170.0, 170.0, 170.0]",12,176,1.03125,,Short case; not a reliable occupancy measurement,10,5.348522429129615,4.056191157741685
256,8,2048,moderate,reference,13.582699999460601,13.526559829711914,26.60864999961632,26.550064086914062,150780.03637578172,76967.45231454926,457372672,725614592,"[733.0, 119.0, 120.0, 120.0, 120.0, 120.0, 120.0, 120.0, 119.0, 119.0, 119.0, 119.0]",12,,,,Short case; not a reliable occupancy measurement,10,,
256,8,2048,moderate,grouped,3.257500000472646,3.2206718921661377,6.7076499999529915,6.672559976577759,628702.9930016411,305323.0266955421,483230208,725614592,"[733.0, 119.0, 120.0, 120.0, 120.0, 120.0, 120.0, 120.0, 119.0, 119.0, 119.0, 119.0]",12,736,4.3125,,Short case; not a reliable occupancy measurement,10,4.1696699915548185,3.9669109151197213
256,8,2048,strong,reference,13.191549999646668,13.140751838684082,28.538900000057765,28.45569610595703,155250.89925405697,71761.70069609742,458442752,725614592,"[1860.0, 17.0, 17.0, 17.0, 17.0, 17.0, 17.0, 18.0, 17.0, 17.0, 17.0, 17.0]",12,,,,Short case; not a reliable occupancy measurement,10,,
256,8,2048,strong,grouped,3.86144999993121,3.069167971611023,6.651499999861699,6.612767934799194,530370.7156732533,307900.4735837906,532046336,725614592,"[1860.0, 17.0, 17.0, 17.0, 17.0, 17.0, 17.0, 18.0, 17.0, 17.0, 17.0, 17.0]",12,1872,10.96875,,Short case; not a reliable occupancy measurement,10,3.4162167061289592,4.290596106239368
256,8,2048,natural,reference,13.066750000689353,12.960256099700928,26.21909999925265,26.179072380065918,156733.69429215032,78110.99542159634,457380864,725614592,"[148.0, 215.0, 254.0, 160.0, 183.0, 174.0, 249.0, 98.0, 66.0, 172.0, 151.0, 178.0]",12,,,,Short case; not a reliable occupancy measurement,10,,
256,8,2048,natural,grouped,2.897350000239385,2.829424023628235,6.842499999947904,6.791568040847778,706852.813719706,299305.80928251264,464798208,725614592,"[148.0, 215.0, 254.0, 160.0, 183.0, 174.0, 249.0, 98.0, 66.0, 172.0, 151.0, 178.0]",12,256,1.5,,Short case; not a reliable occupancy measurement,10,4.509896974687129,3.8318012421559766
1024,1,1024,balanced,reference,13.29505000012432,13.254672050476074,26.8473999994967,26.75614356994629,77021.14696751232,38141.49601150191,442294784,725614592,"[86.0, 86.0, 86.0, 86.0, 85.0, 85.0, 85.0, 85.0, 85.0, 85.0, 85.0, 85.0]",12,,,,Short case; not a reliable occupancy measurement,10,,
1024,1,1024,balanced,grouped,3.695000000334403,3.546112060546875,6.266349999350496,6.215552091598511,277131.25843229407,163412.5128832793,448307712,725614592,"[86.0, 86.0, 86.0, 86.0, 85.0, 85.0, 85.0, 85.0, 85.0, 85.0, 85.0, 85.0]",12,96,1.125,,Short case; not a reliable occupancy measurement,10,3.598119079545629,4.284376072558894
1024,1,1024,moderate,reference,13.240200000836921,13.05888032913208,24.338000000170723,24.29910373687744,77340.22144191721,42074.1227706803,442279936,725614592,"[367.0, 60.0, 60.0, 60.0, 59.0, 59.0, 59.0, 60.0, 60.0, 60.0, 60.0, 60.0]",12,,,,Short case; not a reliable occupancy measurement,10,,
1024,1,1024,moderate,grouped,3.0094499998085666,2.7906240224838257,6.667649999144487,6.633663892745972,340261.5095998064,153577.34736097237,458768896,725614592,"[367.0, 60.0, 60.0, 60.0, 59.0, 59.0, 59.0, 60.0, 60.0, 60.0, 60.0, 60.0]",12,368,4.3125,,Short case; not a reliable occupancy measurement,10,4.399541445007938,3.650161601657778
1024,1,1024,strong,reference,13.166150000870402,13.12231969833374,25.690600000416453,25.648751258850098,77775.20383197094,39858.93673107676,445445632,725614592,"[930.0, 9.0, 9.0, 9.0, 8.0, 8.0, 8.0, 8.0, 8.0, 9.0, 9.0, 9.0]",12,,,,Short case; not a reliable occupancy measurement,10,,
1024,1,1024,strong,grouped,2.6961500007018913,2.564560055732727,5.717900000490772,5.6690239906311035,379800.82700644294,179086.7276293935,484848128,725614592,"[930.0, 9.0, 9.0, 9.0, 8.0, 8.0, 8.0, 8.0, 8.0, 9.0, 9.0, 9.0]",12,944,11.0625,,Short case; not a reliable occupancy measurement,10,4.8833150965053305,4.4930131688576935
1024,1,1024,natural,reference,13.79940000060742,13.726111888885498,26.071950000186916,26.00697612762451,74206.12490071493,39275.92680994934,442289664,725614592,"[77.0, 91.0, 121.0, 93.0, 71.0, 129.0, 86.0, 76.0, 47.0, 68.0, 69.0, 96.0]",12,,,,Short case; not a reliable occupancy measurement,10,,
1024,1,1024,natural,grouped,2.6332500001444714,2.574512004852295,6.065749999834225,6.0147199630737305,388873.06558200665,168816.71681621988,451133952,725614592,"[77.0, 91.0, 121.0, 93.0, 71.0, 129.0, 86.0, 76.0, 47.0, 68.0, 69.0, 96.0]",12,144,1.6875,,Short case; not a reliable occupancy measurement,10,5.24044431780132,4.298223632840037
1024,2,2048,balanced,reference,13.78145000035147,13.737648010253906,27.6221500007523,27.58030414581299,148605.55311289956,74143.39578722953,457382400,725614592,"[171.0, 171.0, 171.0, 171.0, 171.0, 171.0, 171.0, 171.0, 170.0, 170.0, 170.0, 170.0]",12,,,,Short case; not a reliable occupancy measurement,10,,
1024,2,2048,balanced,grouped,3.5487499999362626,3.513712167739868,7.7133500008130795,7.669055938720703,577104.6143111752,265513.68728037964,461480448,725614592,"[171.0, 171.0, 171.0, 171.0, 171.0, 171.0, 171.0, 171.0, 170.0, 170.0, 170.0, 170.0]",12,176,1.03125,,Short case; not a reliable occupancy measurement,10,3.8834660093269435,3.581083445952873
1024,2,2048,moderate,reference,13.664250000147149,13.616976261138916,26.573249999273685,26.492351531982422,149880.16173430267,77069.98579609107,457372672,725614592,"[733.0, 119.0, 120.0, 120.0, 120.0, 120.0, 120.0, 120.0, 119.0, 119.0, 119.0, 119.0]",12,,,,Short case; not a reliable occupancy measurement,10,,
1024,2,2048,moderate,grouped,2.9153999994377955,2.866655945777893,7.3166499996659695,7.271039962768555,702476.5042172379,279909.5214467684,481690112,725614592,"[733.0, 119.0, 120.0, 120.0, 120.0, 120.0, 120.0, 120.0, 119.0, 119.0, 119.0, 119.0]",12,736,4.3125,,Short case; not a reliable occupancy measurement,10,4.686921178151251,3.63188754422951
1024,2,2048,strong,reference,14.102250000178174,14.066959857940674,26.529549999395385,25.756336212158203,145225.0527379762,77196.93700219847,457252352,725614592,"[1860.0, 17.0, 17.0, 17.0, 17.0, 17.0, 17.0, 18.0, 17.0, 17.0, 17.0, 17.0]",12,,,,Short case; not a reliable occupancy measurement,10,,
1024,2,2048,strong,grouped,3.2146999992619385,3.1545439958572388,6.949650000024121,6.902959823608398,637073.4440135002,294691.09955075313,530735616,725614592,"[1860.0, 17.0, 17.0, 17.0, 17.0, 17.0, 17.0, 18.0, 17.0, 17.0, 17.0, 17.0]",12,1872,10.96875,,Short case; not a reliable occupancy measurement,10,4.386801257789499,3.8173936815959517
1024,2,2048,natural,reference,13.866649999727088,13.827663898468018,28.48954999990383,28.443647384643555,147692.4852102207,71886.0073257357,456335872,725614592,"[168.0, 207.0, 245.0, 174.0, 143.0, 221.0, 155.0, 165.0, 83.0, 146.0, 148.0, 193.0]",12,,,,Short case; not a reliable occupancy measurement,10,,
1024,2,2048,natural,grouped,3.844349999781116,3.5908000469207764,7.413499999529449,7.3814239501953125,532729.8503301224,276252.78210426803,463421952,725614592,"[168.0, 207.0, 245.0, 174.0, 143.0, 221.0, 155.0, 165.0, 83.0, 146.0, 148.0, 193.0]",12,256,1.5,,Short case; not a reliable occupancy measurement,10,3.6070206928392596,3.8429284415879303
1024,4,4096,balanced,reference,14.421549999497074,14.356271743774414,25.232250000044587,25.134703636169434,284019.40153054567,162331.9363113778,485478912,994050048,"[342.0, 342.0, 342.0, 342.0, 341.0, 341.0, 341.0, 341.0, 341.0, 341.0, 341.0, 341.0]",12,,,,Short case; not a reliable occupancy measurement,10,,
1024,4,4096,balanced,grouped,3.357300000061514,3.159999966621399,6.82905000030587,6.770431995391846,1220027.9986670692,599790.6004226857,488442368,994050048,"[342.0, 342.0, 342.0, 342.0, 341.0, 341.0, 341.0, 341.0, 341.0, 341.0, 341.0, 341.0]",12,352,1.03125,,Short case; not a reliable occupancy measurement,10,4.29557978114343,3.6948404242046036
1024,4,4096,moderate,reference,13.436950000141223,13.376623630523682,25.988300000790332,25.9519681930542,304831.081455014,157609.3857572614,486214656,994050048,"[1467.0, 239.0, 239.0, 239.0, 239.0, 239.0, 239.0, 239.0, 239.0, 239.0, 239.0, 239.0]",12,,,,Short case; not a reliable occupancy measurement,10,,
1024,4,4096,moderate,grouped,3.8676500007568393,3.5187519788742065,6.931349998922087,6.87339186668396,1059041.0195334314,590938.2732998594,528564736,994050048,"[1467.0, 239.0, 239.0, 239.0, 239.0, 239.0, 239.0, 239.0, 239.0, 239.0, 239.0, 239.0]",12,1472,4.3125,,Short case; not a reliable occupancy measurement,10,3.474189752824537,3.749385041129339
1024,4,4096,strong,reference,14.204650000465335,13.838304042816162,26.950700000270444,26.90398406982422,288356.2776883498,151981.21013401868,484669952,994050048,"[3720.0, 34.0, 35.0, 35.0, 34.0, 34.0, 34.0, 34.0, 34.0, 34.0, 34.0, 34.0]",12,,,,Short case; not a reliable occupancy measurement,10,,
1024,4,4096,strong,grouped,3.057299999454699,2.763167977333069,7.238349999170168,7.193680047988892,1339744.218994068,565874.8196024759,625000960,994050048,"[3720.0, 34.0, 35.0, 35.0, 34.0, 34.0, 34.0, 34.0, 34.0, 34.0, 34.0, 34.0]",12,3728,10.921875,,Short case; not a reliable occupancy measurement,10,4.646142021718144,3.7233209230501667
1024,4,4096,natural,reference,14.230099999622325,14.191792011260986,26.824999999917054,26.78332805633545,287840.56332061684,152693.38303868278,485471232,994050048,"[351.0, 420.0, 503.0, 310.0, 307.0, 458.0, 314.0, 321.0, 152.0, 258.0, 312.0, 390.0]",12,,,,Short case; not a reliable occupancy measurement,10,,
1024,4,4096,natural,grouped,2.799050000248826,2.6976640224456787,6.472700000813347,6.415040016174316,1463353.6377113233,632811.6550257704,493027840,994050048,"[351.0, 420.0, 503.0, 310.0, 307.0, 458.0, 314.0, 321.0, 152.0, 258.0, 312.0, 390.0]",12,512,1.5,,Short case; not a reliable occupancy measurement,10,5.083903466660945,4.144329259280713
1024,8,8192,balanced,reference,14.467650000369758,14.429056167602539,25.878499999635096,25.82196807861328,566228.7931896772,316556.21462277614,540604928,1553989632,"[683.0, 683.0, 683.0, 683.0, 683.0, 683.0, 683.0, 683.0, 682.0, 682.0, 682.0, 682.0]",12,,,,Short case; not a reliable occupancy measurement,10,,
1024,8,8192,balanced,grouped,2.8598500011867145,2.8074079751968384,6.572299999788811,6.522608041763306,2864485.8984214813,1246443.4064578968,547387904,1553989632,"[683.0, 683.0, 683.0, 683.0, 683.0, 683.0, 683.0, 683.0, 682.0, 682.0, 682.0, 682.0]",12,688,1.0078125,,Short case; not a reliable occupancy measurement,10,5.058884205243739,3.937510460640363
1024,8,8192,moderate,reference,14.364549999299925,14.32374382019043,26.766299999508192,26.63499164581299,570292.8389959482,306056.49642089196,540818944,1553989632,"[2935.0, 478.0, 478.0, 478.0, 478.0, 478.0, 478.0, 478.0, 477.0, 478.0, 478.0, 478.0]",12,,,,Short case; not a reliable occupancy measurement,10,,
1024,8,8192,moderate,grouped,3.1875499998932355,3.15555202960968,7.139699999243021,7.075743913650513,2569998.9020640883,1147387.1452397928,621642240,1553989632,"[2935.0, 478.0, 478.0, 478.0, 478.0, 478.0, 478.0, 478.0, 477.0, 478.0, 478.0, 478.0]",12,2944,4.3125,,Short case; not a reliable occupancy measurement,10,4.506454800640321,3.7489390313803184
1024,8,8192,strong,reference,13.65194999925734,13.591039657592773,25.926750000508036,25.87716770172119,600060.7972081382,315967.09961099934,541086720,1553989632,"[7440.0, 68.0, 68.0, 68.0, 69.0, 69.0, 69.0, 69.0, 68.0, 68.0, 68.0, 68.0]",12,,,,Short case; not a reliable occupancy measurement,10,,
1024,8,8192,strong,grouped,5.988799999613548,5.895359992980957,9.103500000492204,9.050336360931396,1367886.7219691128,899873.6749115261,813728256,1553989632,"[7440.0, 68.0, 68.0, 68.0, 69.0, 69.0, 69.0, 69.0, 68.0, 68.0, 68.0, 68.0]",12,7440,10.8984375,,Short case; not a reliable occupancy measurement,10,2.2795802164270453,2.8479980226403296
1024,8,8192,natural,reference,13.824700000441226,13.786863803863525,28.59935000014957,28.555904388427734,592562.5872343376,286440.0764338056,540602880,1553989632,"[762.0, 845.0, 968.0, 636.0, 623.0, 910.0, 643.0, 590.0, 296.0, 486.0, 623.0, 810.0]",12,,,,Short case; not a reliable occupancy measurement,10,,
1024,8,8192,natural,grouped,3.3094500004153815,3.2336959838867188,7.534250000389875,6.548367977142334,2475335.7805592446,1087301.323897679,554072576,1553989632,"[762.0, 845.0, 968.0, 636.0, 623.0, 910.0, 643.0, 590.0, 296.0, 486.0, 623.0, 810.0]",12,976,1.4296875,,Short case; not a reliable occupancy measurement,10,4.177340645335641,3.795912001681606
2048,1,2048,balanced,reference,12.931250000292493,12.900848388671875,28.58274999925925,28.516496658325195,158376.02706263325,71651.608052167,456333824,1553989632,"[171.0, 171.0, 171.0, 171.0, 171.0, 171.0, 171.0, 171.0, 170.0, 170.0, 170.0, 170.0]",12,,,,Short case; not a reliable occupancy measurement,10,,
2048,1,2048,balanced,grouped,2.864850000150909,2.8252480030059814,6.060450000404671,6.018815994262695,714871.6337302544,337928.7016415035,460390912,1553989632,"[171.0, 171.0, 171.0, 171.0, 171.0, 171.0, 171.0, 171.0, 170.0, 170.0, 170.0, 170.0]",12,176,1.03125,,Short case; not a reliable occupancy measurement,10,4.5137616278727775,4.716275193649103
2048,1,2048,moderate,reference,12.791300000571937,12.743904113769531,25.025349999850732,24.958672523498535,160108.82395913065,81837.01726498193,456324096,1553989632,"[733.0, 119.0, 120.0, 120.0, 120.0, 120.0, 120.0, 120.0, 119.0, 119.0, 119.0, 119.0]",12,,,,Short case; not a reliable occupancy measurement,10,,
2048,1,2048,moderate,grouped,2.925899999354442,2.858959913253784,6.267799999477575,6.200639963150024,699955.5693809979,326749.41768574336,481878528,1553989632,"[733.0, 119.0, 120.0, 120.0, 120.0, 120.0, 120.0, 120.0, 119.0, 119.0, 119.0, 119.0]",12,736,4.3125,,Short case; not a reliable occupancy measurement,10,4.371748864757563,3.9926848339029024
2048,1,2048,strong,reference,13.92770000074961,13.892191886901855,28.22455000023183,28.164095878601074,147045.09717252478,72560.94428372386,456912896,1553989632,"[1860.0, 17.0, 17.0, 17.0, 17.0, 17.0, 17.0, 18.0, 17.0, 17.0, 17.0, 17.0]",12,,,,Short case; not a reliable occupancy measurement,10,,
2048,1,2048,strong,grouped,2.981000000545464,2.8999680280685425,7.751199999802338,7.699360132217407,687017.7791429912,264217.15347974835,530670080,1553989632,"[1860.0, 17.0, 17.0, 17.0, 17.0, 17.0, 17.0, 18.0, 17.0, 17.0, 17.0, 17.0]",12,1872,10.96875,,Short case; not a reliable occupancy measurement,10,4.672156993693766,3.641313603177776
2048,1,2048,natural,reference,14.426850000745617,14.346944332122803,26.21129999988625,26.165871620178223,141957.53056933108,78134.23981293899,456336896,1553989632,"[234.0, 213.0, 186.0, 182.0, 116.0, 177.0, 155.0, 165.0, 122.0, 167.0, 154.0, 177.0]",12,,,,Short case; not a reliable occupancy measurement,10,,
2048,1,2048,natural,grouped,3.042999999706808,2.9988319873809814,7.337250000091444,7.28220796585083,673020.0460720749,279123.6498653413,463610368,1553989632,"[234.0, 213.0, 186.0, 182.0, 116.0, 177.0, 155.0, 165.0, 122.0, 167.0, 154.0, 177.0]",12,240,1.40625,,Short case; not a reliable occupancy measurement,10,4.740995728601919,3.5723602166424175
2048,2,4096,balanced,reference,12.980449999304255,12.950047969818115,27.471549999972922,27.376976013183594,315551.4639492116,149099.7049676497,485478912,1553989632,"[342.0, 342.0, 342.0, 342.0, 341.0, 341.0, 341.0, 341.0, 341.0, 341.0, 341.0, 341.0]",12,,,,Short case; not a reliable occupancy measurement,10,,
2048,2,4096,balanced,grouped,2.991400000610156,2.922927975654602,7.47005000084755,7.426752090454102,1369258.5408720127,548322.969663559,487352832,1553989632,"[342.0, 342.0, 342.0, 342.0, 341.0, 341.0, 341.0, 341.0, 341.0, 341.0, 341.0, 341.0]",12,352,1.03125,,Short case; not a reliable occupancy measurement,10,4.339255865700553,3.677559052062035
2048,2,4096,moderate,reference,14.1480500005855,14.10425615310669,27.210749999539985,27.13747215270996,289509.8617710916,150528.74323821452,486214656,1553989632,"[1467.0, 239.0, 239.0, 239.0, 239.0, 239.0, 239.0, 239.0, 239.0, 239.0, 239.0, 239.0]",12,,,,Short case; not a reliable occupancy measurement,10,,
2048,2,4096,moderate,grouped,3.5562000002755667,3.4576960802078247,6.66335000005347,6.572687864303589,1151791.2377488906,614705.8161385987,528564736,1553989632,"[1467.0, 239.0, 239.0, 239.0, 239.0, 239.0, 239.0, 239.0, 239.0, 239.0, 239.0, 239.0]",12,1472,4.3125,,Short case; not a reliable occupancy measurement,10,3.9784179740985266,4.083644112844385
2048,2,4096,strong,reference,13.289000000440865,13.25545597076416,26.5040999993289,26.45359992980957,308224.8476081055,154542.12744834623,484669952,1553989632,"[3720.0, 34.0, 35.0, 35.0, 34.0, 34.0, 34.0, 34.0, 34.0, 34.0, 34.0, 34.0]",12,,,,Short case; not a reliable occupancy measurement,10,,
2048,2,4096,strong,grouped,3.660200000012992,3.6193279027938843,7.256699999743432,7.2175681591033936,1119064.5319888152,564443.8932496614,625000960,1553989632,"[3720.0, 34.0, 35.0, 35.0, 34.0, 34.0, 34.0, 34.0, 34.0, 34.0, 34.0, 34.0]",12,3728,10.921875,,Short case; not a reliable occupancy measurement,10,3.630675919456231,3.652362644213758
2048,2,4096,natural,reference,14.344199999868579,14.30676794052124,26.160800000070594,26.106719970703125,285550.95439533243,156570.1354694408,485473280,1553989632,"[498.0, 430.0, 378.0, 346.0, 256.0, 377.0, 262.0, 309.0, 229.0, 326.0, 316.0, 369.0]",12,,,,Short case; not a reliable occupancy measurement,10,,
2048,2,4096,natural,grouped,2.9956999997011735,2.9572479724884033,7.415850000143109,7.317968130111694,1367293.1202752558,552330.4813232409,493027840,1553989632,"[498.0, 430.0, 378.0, 346.0, 256.0, 377.0, 262.0, 309.0, 229.0, 326.0, 316.0, 369.0]",12,512,1.5,,Short case; not a reliable occupancy measurement,10,4.788263177654451,3.5276873183203206
2048,4,8192,balanced,reference,14.130099999420054,14.08468770980835,26.208600000245497,26.16385555267334,579755.2742256762,312569.1566860979,540604928,1553989632,"[683.0, 683.0, 683.0, 683.0, 683.0, 683.0, 683.0, 683.0, 682.0, 682.0, 682.0, 682.0]",12,,,,Short case; not a reliable occupancy measurement,10,,
2048,4,8192,balanced,grouped,3.3356499998262734,3.2880799770355225,6.688750000648724,6.634544134140015,2455893.154385698,1224743.0385655735,547387904,1553989632,"[683.0, 683.0, 683.0, 683.0, 683.0, 683.0, 683.0, 683.0, 682.0, 682.0, 682.0, 682.0]",12,688,1.0078125,,Short case; not a reliable occupancy measurement,10,4.236085920332162,3.9183105958069286
2048,4,8192,moderate,reference,14.80594999884488,14.768688201904297,26.23004999895784,26.17512035369873,553291.0755904969,312313.5487856669,540818944,1553989632,"[2935.0, 478.0, 478.0, 478.0, 478.0, 478.0, 478.0, 478.0, 477.0, 478.0, 478.0, 478.0]",12,,,,Short case; not a reliable occupancy measurement,10,,
2048,4,8192,moderate,grouped,2.9712999994444544,2.9089759588241577,6.664349999482511,6.626960039138794,2757042.3725411985,1229227.1565323118,621642240,1553989632,"[2935.0, 478.0, 478.0, 478.0, 478.0, 478.0, 478.0, 478.0, 477.0, 478.0, 478.0, 478.0]",12,2944,4.3125,,Short case; not a reliable occupancy measurement,10,4.982987245183306,3.9358752167870255
2048,4,8192,strong,reference,13.44985000014276,13.408720016479492,25.527549998514587,25.482303619384766,609077.4246488287,320908.19528222183,541086720,1553989632,"[7440.0, 68.0, 68.0, 68.0, 69.0, 69.0, 69.0, 69.0, 68.0, 68.0, 68.0, 68.0]",12,,,,Short case; not a reliable occupancy measurement,10,,
2048,4,8192,strong,grouped,5.977849998998863,5.922896146774292,10.391400000116846,9.508879661560059,1370392.3653775104,788344.2077013574,813728256,1553989632,"[7440.0, 68.0, 68.0, 68.0, 69.0, 69.0, 69.0, 69.0, 68.0, 68.0, 68.0, 68.0]",12,7440,10.8984375,,Short case; not a reliable occupancy measurement,10,2.2499477240806085,2.456603537370089
2048,4,8192,natural,reference,12.030349999804457,11.958864212036133,25.546149999172485,25.502464294433594,680944.4446864101,320674.5439240497,540606464,1553989632,"[1001.0, 821.0, 739.0, 705.0, 522.0, 719.0, 540.0, 624.0, 427.0, 680.0, 673.0, 741.0]",12,,,,Short case; not a reliable occupancy measurement,10,,
2048,4,8192,natural,grouped,3.1324499996117083,3.101439952850342,6.6921999996338855,6.277376174926758,2615205.350768715,1224111.6524383856,554441216,1553989632,"[1001.0, 821.0, 739.0, 705.0, 522.0, 719.0, 540.0, 624.0, 427.0, 680.0, 673.0, 741.0]",12,1008,1.4765625,,Short case; not a reliable occupancy measurement,10,3.840556114637333,3.8173022325348995
2048,8,16384,balanced,reference,13.668900000993744,13.586960315704346,26.68670000093698,26.44024085998535,1198633.3939679759,613938.7784711018,654018560,2642411520,"[1366.0, 1366.0, 1366.0, 1366.0, 1365.0, 1365.0, 1365.0, 1365.0, 1365.0, 1365.0, 1365.0, 1365.0]",12,,,,Short case; not a reliable occupancy measurement,10,,
2048,8,16384,balanced,grouped,3.0833000000711763,3.047136068344116,6.613200000174402,6.5704638957977295,5313787.175954914,2477469.303751274,663988736,2642411520,"[1366.0, 1366.0, 1366.0, 1366.0, 1365.0, 1365.0, 1365.0, 1365.0, 1365.0, 1365.0, 1365.0, 1365.0]",12,1376,1.0078125,,Short case; not a reliable occupancy measurement,10,4.433204683513834,4.035368656661405
2048,8,16384,moderate,reference,13.414649999504036,13.360639572143555,25.581849999980477,25.541120529174805,1221351.2839027292,640454.0719303922,654530048,2642411520,"[5871.0, 956.0, 956.0, 956.0, 955.0, 955.0, 955.0, 956.0, 956.0, 956.0, 956.0, 956.0]",12,,,,Short case; not a reliable occupancy measurement,10,,
2048,8,16384,moderate,grouped,5.007750000004307,4.948976039886475,8.784100000411854,8.72436809539795,3271728.820325677,1865188.2377513705,803688960,2642411520,"[5871.0, 956.0, 956.0, 956.0, 955.0, 955.0, 955.0, 956.0, 956.0, 956.0, 956.0, 956.0]",12,5872,4.30078125,,Short case; not a reliable occupancy measurement,10,2.6787778941625473,2.912290388176482
2048,8,16384,strong,reference,13.637549999657494,13.46783971786499,26.219149999633373,25.410975456237793,1201388.812536818,624886.7717004212,653186048,2642411520,"[14882.0, 137.0, 137.0, 137.0, 136.0, 136.0, 136.0, 136.0, 136.0, 137.0, 137.0, 137.0]",12,,,,Short case; not a reliable occupancy measurement,10,,
2048,8,16384,strong,grouped,9.317949999967823,9.22537612915039,15.760199999931501,15.480112075805664,1758326.6705720227,1039580.71598528,1190642176,2642411520,"[14882.0, 137.0, 137.0, 137.0, 136.0, 136.0, 136.0, 136.0, 136.0, 137.0, 137.0, 137.0]",12,14896,10.91015625,,Short case; not a reliable occupancy measurement,10,1.4635783621616973,1.6636305376674998
2048,8,16384,natural,reference,13.912550000895862,13.880288124084473,27.1064499993372,27.06272029876709,1177641.76940568,604431.7865452915,653727744,2642411520,"[1969.0, 1637.0, 1551.0, 1416.0, 1037.0, 1523.0, 1067.0, 1232.0, 859.0, 1235.0, 1341.0, 1517.0]",12,,,,Short case; not a reliable occupancy measurement,10,,
2048,8,16384,natural,grouped,3.336699999636039,3.0950560569763184,6.679350000013073,6.5815839767456055,4910240.657472094,2452933.2944025886,678193664,2642411520,"[1969.0, 1637.0, 1551.0, 1416.0, 1037.0, 1523.0, 1067.0, 1232.0, 859.0, 1235.0, 1341.0, 1517.0]",12,1984,1.453125,,Short case; not a reliable occupancy measurement,10,4.169553751435076,4.058246685573319
