model,seed,tokens,val_loss,code_val_loss,general_val_loss,technical_val_loss,checkpoint_sha256
sparse,42,20004864,4.464747846126556,3.91607033927186,5.969997239150201,4.7144923135906,ad7268cb8156592c128daaf86645f50d9c38a6f3a745f597d2f0118b35770488
sparse,1337,20004864,4.212787184864283,3.665866462024728,5.883902920227565,4.540364972107929,7332c13342f48d8b76213d63112785b1842f8079c09ed5dcc31c58a27e240f2c
memory,42,20004864,4.1718848049640656,3.6235171925501386,5.846256695857808,4.4890807536314465,67920b5f5da6b439154d5751e41b6f94016a465360e89a362f5c562688175190
memory,1337,20004864,4.332047702744603,3.78147243376392,5.925440057655001,4.614742308547517,4396283ac4590f2f954b184bf87b5c157695bd3a7d11e8b420f3d938b2913587
sparse,42,50003968,3.2769313976168633,2.7568525819151106,5.109977584362662,3.6728324951044202,2c9ec686cc7213a80b469c5f21fd5b90545d1ff02c3e4bfd20bbd97baac49954
sparse,1337,50003968,3.263231560587883,2.7427873481108183,5.110932406960862,3.657097327440215,0165eefa5131ff5161044cc5c0124a09b1ab822b10badec7556fab8ebe14b545
memory,42,50003968,3.263211404904723,2.7439382516992663,5.074182597228254,3.6381851696024956,0011e6d555f65d82784b6c2840a0b2323138cbc0968e3540eeb4dee93c34a935
memory,1337,50003968,3.25262757204473,2.7388025788269883,5.0691214858056375,3.6372893939797106,844f9282f8653f0c739d9bd2122ae0af2689f559c2475aca86c715d4f8884be3
sparse,42,70000640,3.0837759654968977,2.579422350272349,4.902307672818923,3.4990518264547457,96e71afd65f641c9952456afc67504dbf03f93e4759acdacb6ba11277cdd41a9
sparse,1337,70000640,3.082940964959562,2.5760442529331984,4.914545336343076,3.4874443870517084,00c8bc3abe5d24f11f0a5a5c4d25b6fb686830b94ff2fa3eed7b706431b8a337
memory,42,70000640,3.0788601767271757,2.5749372729745366,4.879346344301192,3.4728896375307556,06859ffc68b3c8b1d22fc45c76e9c43ce330904d4d87c90be0cc16c47fb11b3b
memory,1337,70000640,3.0614706240594387,2.5557575318783288,4.871207833499819,3.4594453825922407,c326a5ce20fa4716959dcb958d81f2537b27c5d027911387e321324b093d89a0
sparse,42,100007936,2.9812576761469245,2.481818688499711,4.775507431958782,3.397397084827785,28104d6cf1a6c8aef3fa60b9dbebd97ba68dc708f359806fb2089cdd0cb2be9e
sparse,1337,100007936,2.9846899081021547,2.4828497979061885,4.786798505269414,3.3882437200348705,2f1373fe0b5e97fe36469d9aedf8afc54f48d07fc85b7a91b1a9447da647b6b2
memory,42,100007936,2.9747491469606757,2.4762901398495365,4.750409003737059,3.3739760751112193,6b9d60e240724ce769e640f400d30d379b10cd0a47166baeb8f3f853e224d650
memory,1337,100007936,2.9612880274653435,2.4590718738348127,4.740826134452448,3.356157480642951,c272bd4fe7f40cf65982d09c719cd8dd1f9f1419777bf22dced422e81c4806eb
