model,seed,tokens,layer,pooled_load_cv,max_share,unused_experts,category_expert_mutual_information_bits
sparse,1337,20004864,2,0.13230160429574098,0.10104244138055035,0,0.029267035261721933
sparse,1337,20004864,5,0.15010439613446194,0.10388249139812189,0,0.03866226045998443
sparse,1337,20004864,8,0.12842432341879859,0.10095867012103925,0,0.043004349872815525
memory,1337,20004864,2,0.10067632774399199,0.0949393986449488,0,0.03564089620734423
memory,1337,20004864,5,0.16919672171076114,0.11644205072043283,0,0.03808300086698553
memory,1337,20004864,8,0.15407291449810503,0.10818956005786347,0,0.043788969942050546
sparse,1337,50003968,2,0.09933252468341562,0.10114460145312487,0,0.025450084160792606
sparse,1337,50003968,5,0.08882411246890887,0.09519888522928807,0,0.03708146627282607
sparse,1337,50003968,8,0.08195115658989004,0.10085651004846474,0,0.0433344824357164
memory,1337,50003968,2,0.10099082379748017,0.09839445229941891,0,0.024143587567608364
memory,1337,50003968,5,0.10410785625978004,0.09740145639399463,0,0.023000215322427117
memory,1337,50003968,8,0.09239058512241531,0.0961203690839102,0,0.03147409950553663
sparse,1337,70000640,2,0.10680195953630303,0.10527391158658679,0,0.02449638371261184
sparse,1337,70000640,5,0.08809373340055607,0.096057029838914,0,0.03498760110174878
sparse,1337,70000640,8,0.05717909801065056,0.09202375017367212,0,0.036807886675543126
memory,1337,70000640,2,0.1021477555771186,0.10399282427650236,0,0.020981287493752256
memory,1337,70000640,5,0.1081343892947641,0.09847005075312405,0,0.021090573905724625
memory,1337,70000640,8,0.10258361754699023,0.09919538726840312,0,0.02921453896820489
sparse,1337,100007936,2,0.11337880657945941,0.10804244955335617,0,0.022474841176451276
sparse,1337,100007936,5,0.09197759295278894,0.09830863783845632,0,0.034818724139110135
sparse,1337,100007936,8,0.056930104202319864,0.09479024493899,0,0.03543914007871423
memory,1337,100007936,2,0.10801748790095386,0.10495312895870282,0,0.02137567145086346
memory,1337,100007936,5,0.10990110843927185,0.09750361646656913,0,0.021186931142868435
memory,1337,100007936,8,0.07646020107874954,0.09911570241179499,0,0.02845817196451692
