model,seed,stored_params,active_params_est,tokens,training_flops_est,wall_time,tok_s,val_loss,code_val_loss,general_val_loss,mtp_acceptance,compaction_score,router_entropy,cache_hit_sim,bytes_per_token_sim,vram_peak
DenseCompute,42,16574400,16574400,98304,9775978905600,3.574162900000374,27894.767398598713,10.138894319534302,10.217430034092494,10.375129195311859,,,,,,1584584704
DenseCompute,42,16574400,16574400,98304,9775978905600,3.5319830000003094,28295.93336915804,10.138890743255615,10.217460850306919,10.375091968609865,,,,,,1584584704
SparseV3,42,21562560,16493760,98304,9728415498240,6.237102299999606,15888.39796868315,10.0430428981781,10.097330924987792,10.3345913878673,,,,,,1676004352
SparseV3Ngram,42,25767425,16504353,98304,9734663503872,7.128368499999851,13904.83904071036,10.129225015640259,10.131910279410226,10.413899556976693,,,,,,1753836544
SparseV3MTP,42,21921280,16852480,24576,2484999290880,2.3075849000001654,10655.721889821218,10.441425085067749,10.493834485735212,10.479669866545187,,,,,,2544379392
DenseCompute,42,16574400,16574400,163840,16293298176000,11.719740699999875,13979.83148210794,9.810307502746582,9.762606975010463,10.143449952013647,,,,,,1584584704
SparseV3,42,21562560,16493760,163840,16214025830400,17.320751499999915,9459.173870140727,9.731511354446411,9.62108712877546,10.141764052903799,,,,,,1676008960
SparseV3Ngram,42,25767425,16504353,163840,16224439173120,16.792810200000076,9756.556410075977,9.76572871208191,9.675435095650808,10.239995502131206,,,,,,1753837568
DenseCompute,42,16574400,16574400,1605632,159674322124800,59.41116289999991,27025.762863833836,,,,,,,,,1584584704
DenseCompute,42,16574400,16574400,1638400,162932981760000,67.65510549999999,24216.945460235816,4.644283771514893,4.30906118283953,5.406192583294549,,,,,,1578326528
DenseSize,42,25974720,25974720,32768,5106837749760,7.4976659000003565,4370.426801759524,10.38866901397705,10.439708084106446,10.478072595679823,,,,,,1916844032
SparseV3Top2,42,21562560,16954560,32768,3333402132480,9.573636899999656,3422.7326921079675,10.351534843444824,10.38982780783517,10.441129651044589,,,,,,1703042560
SparseV3MTP,42,21921280,16852480,24576,7229354803200,8.409712700000455,2922.335265983423,10.441415786743164,10.493809483119419,10.479782216394428,,,,,,2544381952
