accumulation,context,effective_tokens_per_update,max_allocated_gib,mean_dataloader_seconds_per_update,mean_step_seconds,measured_updates,microbatch,model,peak_allocated_bytes,peak_reserved_bytes,repetition,scope,status,wall_tokens_per_second,warmup_updates
8,1024,8192,1.7628393173217773,0.004504390000010972,0.8386856100000045,10,1,dense75_ref,1892834304,2051014656,1,Disposable BF16 training updates on frozen corpus order; excludes initialization/evaluation/checkpoint writes. No quality claim.,measured,9767.66490604263,3
8,1024,8192,1.7702856063842773,0.004496209999967959,0.8427832799999919,10,1,dense75_ref,1900829696,2021654528,2,Disposable BF16 training updates on frozen corpus order; excludes initialization/evaluation/checkpoint writes. No quality claim.,measured,9720.173850625131,3
4,1024,8192,2.584994316101074,0.0019499699999641963,0.43762842999998386,10,2,dense75_ref,2775616512,3053453312,1,Disposable BF16 training updates on frozen corpus order; excludes initialization/evaluation/checkpoint writes. No quality claim.,measured,18719.076363481006,3
4,1024,8192,2.587679862976074,0.0019770800000401324,0.4370752599999719,10,2,dense75_ref,2778500096,3112173568,2,Disposable BF16 training updates on frozen corpus order; excludes initialization/evaluation/checkpoint writes. No quality claim.,measured,18742.767549919266,3
2,1024,8192,4.209773063659668,0.0005144799999470707,0.24177492999998548,10,4,dense75_ref,4520209408,5125439488,1,Disposable BF16 training updates on frozen corpus order; excludes initialization/evaluation/checkpoint writes. No quality claim.,measured,33882.75202892414,3
2,1024,8192,4.206599235534668,0.0005245299999728559,0.24242001999997456,10,4,dense75_ref,4516801536,5259657216,2,Disposable BF16 training updates on frozen corpus order; excludes initialization/evaluation/checkpoint writes. No quality claim.,measured,33792.58858241518,3
1,1024,8192,7.250344276428223,0.0003374500000063563,0.16447539000001826,10,8,dense75_ref,7784997888,8524922880,1,Disposable BF16 training updates on frozen corpus order; excludes initialization/evaluation/checkpoint writes. No quality claim.,measured,49806.84344325975,3
1,1024,8192,7.248513221740723,0.00030726999999615147,0.16642580000001317,10,8,dense75_ref,7783031808,8864661504,2,Disposable BF16 training updates on frozen corpus order; excludes initialization/evaluation/checkpoint writes. No quality claim.,measured,49223.13727799026,3
8,1024,8192,2.3163695335388184,0.0042881799999349825,1.1027229799999987,10,1,sparse75,2487182848,5765070848,1,Disposable BF16 training updates on frozen corpus order; excludes initialization/evaluation/checkpoint writes. No quality claim.,measured,7428.883000152958,3
8,1024,8192,2.3181700706481934,0.004269109999961529,1.0941502399999876,10,1,sparse75,2489116160,2812280832,2,Disposable BF16 training updates on frozen corpus order; excludes initialization/evaluation/checkpoint writes. No quality claim.,measured,7487.088793217367,3
4,1024,8192,3.1968131065368652,0.0019239300000094771,0.5488230599999951,10,2,sparse75,3432551936,3898605568,1,Disposable BF16 training updates on frozen corpus order; excludes initialization/evaluation/checkpoint writes. No quality claim.,measured,14926.486507327285,3
4,1024,8192,3.1957144737243652,0.001913480000052914,0.5563289100000134,10,2,sparse75,3431372288,3898605568,2,Disposable BF16 training updates on frozen corpus order; excludes initialization/evaluation/checkpoint writes. No quality claim.,measured,14725.102098324896,3
2,1024,8192,4.9327521324157715,0.0005055300000435636,0.313710019999985,10,4,sparse75,5296502272,5779750912,1,Disposable BF16 training updates on frozen corpus order; excludes initialization/evaluation/checkpoint writes. No quality claim.,measured,26113.2876788583,3
2,1024,8192,4.94147253036499,0.0005134899999802656,0.3122782999999913,10,4,sparse75,5305865728,6048186368,2,Disposable BF16 training updates on frozen corpus order; excludes initialization/evaluation/checkpoint writes. No quality claim.,measured,26233.010747145185,3
1,1024,8192,8.127536296844482,0.0003343200000017532,0.2110265100000106,10,8,sparse75,8726875648,10410262528,1,Disposable BF16 training updates on frozen corpus order; excludes initialization/evaluation/checkpoint writes. No quality claim.,measured,38819.76724156405,3
1,1024,8192,8.12721586227417,0.00032660999999052366,0.20909853999999087,10,8,sparse75,8726531584,10326376448,2,Disposable BF16 training updates on frozen corpus order; excludes initialization/evaluation/checkpoint writes. No quality claim.,measured,39177.70061904955,3
8,1024,8192,2.4708008766174316,0.0044565700000248395,1.0843819300000177,10,1,sparse75_ngram10m,2653002240,7264534528,1,Disposable BF16 training updates on frozen corpus order; excludes initialization/evaluation/checkpoint writes. No quality claim.,measured,7554.533853215228,3
8,1024,8192,2.4677720069885254,0.00448077000005469,1.068197129999976,10,1,sparse75_ngram10m,2649750016,2969567232,2,Disposable BF16 training updates on frozen corpus order; excludes initialization/evaluation/checkpoint writes. No quality claim.,measured,7668.99645199401,3
4,1024,8192,3.3563809394836426,0.0019116099999450854,0.6147338099999956,10,2,sparse75_ngram10m,3603886592,4053794816,1,Disposable BF16 training updates on frozen corpus order; excludes initialization/evaluation/checkpoint writes. No quality claim.,measured,13326.093126389223,3
4,1024,8192,3.3565258979797363,0.0018986699999800293,0.5830149100000085,10,2,sparse75_ngram10m,3604042240,4053794816,2,Disposable BF16 training updates on frozen corpus order; excludes initialization/evaluation/checkpoint writes. No quality claim.,measured,14051.098624561559,3
2,1024,8192,5.122459888458252,0.0004879899999536974,0.31389806999999337,10,4,sparse75_ngram10m,5500199424,6247415808,1,Disposable BF16 training updates on frozen corpus order; excludes initialization/evaluation/checkpoint writes. No quality claim.,measured,26097.643735114947,3
2,1024,8192,5.124588489532471,0.0005005800000049021,0.31263304000001424,10,4,sparse75_ngram10m,5502484992,5903482880,2,Disposable BF16 training updates on frozen corpus order; excludes initialization/evaluation/checkpoint writes. No quality claim.,measured,26203.244545105106,3
1,1024,8192,8.23488998413086,0.00031551000000717977,0.22113645999997972,10,8,sparse75_ngram10m,8842145792,10523508736,1,Disposable BF16 training updates on frozen corpus order; excludes initialization/evaluation/checkpoint writes. No quality claim.,measured,37044.99927330279,3
1,1024,8192,8.238269805908203,0.0003415600000153063,0.22469073999997136,10,8,sparse75_ngram10m,8845774848,10523508736,2,Disposable BF16 training updates on frozen corpus order; excludes initialization/evaluation/checkpoint writes. No quality claim.,measured,36459.00138119196,3
8,1024,8192,2.6849122047424316,0.00451250000003256,1.087007650000021,10,1,sparse75_ngram25m,2882902528,5148508160,1,Disposable BF16 training updates on frozen corpus order; excludes initialization/evaluation/checkpoint writes. No quality claim.,measured,7536.28550820212,3
8,1024,8192,2.692945957183838,0.004391950000001543,1.0887314099999799,10,1,sparse75_ngram25m,2891528704,3214934016,2,Disposable BF16 training updates on frozen corpus order; excludes initialization/evaluation/checkpoint writes. No quality claim.,measured,7524.35350423127,3
4,1024,8192,3.57047700881958,0.0019339699999591175,0.5961632999999893,10,2,sparse75_ngram25m,3833770496,4299161600,1,Disposable BF16 training updates on frozen corpus order; excludes initialization/evaluation/checkpoint writes. No quality claim.,measured,13741.201445979897,3
4,1024,8192,3.57346773147583,0.0019707100000346143,0.5642951000000039,10,2,sparse75_ngram25m,3836981760,4395630592,2,Disposable BF16 training updates on frozen corpus order; excludes initialization/evaluation/checkpoint writes. No quality claim.,measured,14517.226890681743,3
2,1024,8192,5.336967945098877,0.000495940000007522,0.3242989899999884,10,4,sparse75_ngram25m,5730525696,6142558208,1,Disposable BF16 training updates on frozen corpus order; excludes initialization/evaluation/checkpoint writes. No quality claim.,measured,25260.6398805013,3
2,1024,8192,5.3331379890441895,0.0005417999999963285,0.3200985799999557,10,4,sparse75_ngram25m,5726413312,6352273408,2,Disposable BF16 training updates on frozen corpus order; excludes initialization/evaluation/checkpoint writes. No quality claim.,measured,25592.116028759432,3
1,1024,8192,8.403125762939453,0.0003148599999803992,0.21070576000000757,10,8,sparse75_ngram25m,9022787584,10609491968,1,Disposable BF16 training updates on frozen corpus order; excludes initialization/evaluation/checkpoint writes. No quality claim.,measured,38878.86121385436,3
1,1024,8192,8.40096664428711,0.00031454000002213435,0.21278098000001364,10,8,sparse75_ngram25m,9020469248,9806282752,2,Disposable BF16 training updates on frozen corpus order; excludes initialization/evaluation/checkpoint writes. No quality claim.,measured,38499.681691472026,3
