step,tokens_seen,wall_time,train_loss,val_loss,bits_per_token,grad_norm,tok_s,model
10,81920,3.0045524999995905,10.243446826934814,,,2.9842729568481445,30772.16651525736,Phase1A_DenseCompute
20,163840,5.685510499999509,9.8400559425354,,,2.3014698028564453,31175.74259310745,Phase1A_DenseCompute
30,245760,8.407889799999793,9.524441480636597,,,1.9258289337158203,30853.793619337,Phase1A_DenseCompute
40,327680,11.184106199999405,9.1778244972229,,,1.7561875581741333,26103.41246672426,Phase1A_DenseCompute
50,409600,13.890679899999668,8.60545563697815,,,1.8018252849578857,29781.185358091003,Phase1A_DenseCompute
60,491520,16.674301499999274,7.903607130050659,,,1.995275855064392,26548.331282447016,Phase1A_DenseCompute
70,573440,19.25658629999998,7.335367560386658,,,1.653188705444336,33186.45464386667,Phase1A_DenseCompute
80,655360,21.943076099999416,6.923898339271545,,,1.3332680463790894,33083.350496937994,Phase1A_DenseCompute
90,737280,24.72853589999977,6.57763946056366,,,0.9503859281539917,26401.057589208944,Phase1A_DenseCompute
100,819200,27.437851299999238,6.089777588844299,,,1.3007854223251343,33474.21214849304,Phase1A_DenseCompute
110,901120,30.07463899999948,5.9326289892196655,,,0.7943541407585144,30780.849892577928,Phase1A_DenseCompute
120,983040,32.72960989999956,5.540472745895386,,,1.2026679515838623,30888.671451469552,Phase1A_DenseCompute
130,1064960,35.43654499999957,5.506649017333984,,,0.8901855945587158,32372.31961184773,Phase1A_DenseCompute
140,1146880,38.36164489999919,5.131954669952393,,,0.9806709289550781,31898.21230605226,Phase1A_DenseCompute
150,1228800,41.01743159999933,5.120282769203186,,,0.7257381677627563,28707.979710969365,Phase1A_DenseCompute
160,1310720,43.819171899999674,4.977736115455627,,,0.9573222994804382,32512.155347180258,Phase1A_DenseCompute
170,1392640,46.604296099999374,4.736303448677063,,,0.8521408438682556,31481.865069921434,Phase1A_DenseCompute
180,1474560,49.309263699999974,4.740528106689453,,,1.2813650369644165,31384.592279947035,Phase1A_DenseCompute
190,1556480,52.089018799999394,4.7240118980407715,,,1.3390055894851685,30860.872166237943,Phase1A_DenseCompute
200,1638400,54.73787229999925,4.884481906890869,,,0.76999831199646,32115.540675688135,Phase1A_DenseCompute
200,1638400,54.73787229999925,,4.663013994693756,6.727307165740517,,,Phase1A_DenseCompute
210,1720320,58.598599699999795,4.787795066833496,,,0.5821733474731445,31311.60937545336,Phase1A_DenseCompute
220,1802240,61.33165899999949,4.597327947616577,,,0.7036330699920654,29340.974211944464,Phase1A_DenseCompute
230,1884160,63.97513479999998,4.679150223731995,,,0.6613168716430664,32073.016226000655,Phase1A_DenseCompute
240,1966080,66.72197169999981,4.634788870811462,,,2.4650778770446777,31200.059718834753,Phase1A_DenseCompute
250,2048000,69.44076309999946,4.5026867389678955,,,0.7026763558387756,33022.431228075366,Phase1A_DenseCompute
260,2129920,72.15737909999916,4.741120934486389,,,1.110411524772644,28159.650644396803,Phase1A_DenseCompute
270,2211840,75.0450406,4.625214338302612,,,0.5408711433410645,30274.014570028186,Phase1A_DenseCompute
280,2293760,77.70216629999959,4.713873386383057,,,0.6286585330963135,33156.82343718561,Phase1A_DenseCompute
290,2375680,80.4022744999993,4.425809383392334,,,1.561550498008728,32523.927438912113,Phase1A_DenseCompute
300,2457600,83.2446648999994,4.434709191322327,,,0.7306645512580872,29299.826425740444,Phase1A_DenseCompute
310,2539520,85.91169879999961,4.443133234977722,,,2.8538174629211426,33539.282762079754,Phase1A_DenseCompute
320,2621440,88.59397099999933,4.60592782497406,,,0.7888250350952148,31319.067202534032,Phase1A_DenseCompute
330,2703360,91.29172469999958,4.4717888832092285,,,1.1209540367126465,30712.106988520387,Phase1A_DenseCompute
340,2785280,94.01730839999982,4.48401939868927,,,0.7504068613052368,31200.154781955647,Phase1A_DenseCompute
350,2867200,96.79077909999978,4.558994293212891,,,0.6525477766990662,32683.650036015715,Phase1A_DenseCompute
360,2949120,99.43527509999967,4.454444169998169,,,0.8902117609977722,33299.0397666086,Phase1A_DenseCompute
370,3031040,102.25778300000002,4.327018618583679,,,0.7158070802688599,25894.100336415977,Phase1A_DenseCompute
380,3112960,105.10605989999931,4.4341806173324585,,,2.026972532272339,30650.09097381988,Phase1A_DenseCompute
390,3194880,107.99017569999978,4.359535813331604,,,0.9378997087478638,25958.017849315747,Phase1A_DenseCompute
400,3276800,110.75435689999995,4.538309931755066,,,0.9192586541175842,29969.419631498306,Phase1A_DenseCompute
400,3276800,110.75435689999995,,4.392091810703278,6.3364490744306465,,,Phase1A_DenseCompute
410,3358720,114.65250419999938,4.504257440567017,,,0.7625362277030945,31388.64483597393,Phase1A_DenseCompute
420,3440640,117.30204149999918,4.468405604362488,,,0.8397542834281921,31332.028087096765,Phase1A_DenseCompute
430,3522560,120.00203769999916,4.50577449798584,,,0.8310068249702454,31648.91952465341,Phase1A_DenseCompute
440,3604480,122.78508339999917,4.393048524856567,,,0.7164458632469177,28899.970189868523,Phase1A_DenseCompute
450,3686400,125.54911679999987,4.315623164176941,,,0.6670930981636047,30078.810007053675,Phase1A_DenseCompute
460,3768320,128.2442831999997,4.353904485702515,,,1.282076358795166,29550.82529117436,Phase1A_DenseCompute
470,3850240,130.94356229999994,4.458799242973328,,,0.9687836766242981,31142.853775688644,Phase1A_DenseCompute
480,3932160,133.6654142999996,4.3690749406814575,,,1.7713955640792847,29006.13618573444,Phase1A_DenseCompute
490,4014080,136.32168739999997,4.554441571235657,,,1.2809805870056152,30857.047720288847,Phase1A_DenseCompute
500,4096000,138.96035979999942,4.304839730262756,,,0.8223097920417786,31001.790777279388,Phase1A_DenseCompute
510,4177920,147.31073560000004,4.492806911468506,,,0.9802413582801819,33380.764008732476,Phase1A_DenseCompute
520,4259840,150.08764799999972,4.559602379798889,,,0.6740228533744812,29625.66496813177,Phase1A_DenseCompute
530,4341760,152.85597719999987,4.303865432739258,,,1.2793673276901245,30015.00017222813,Phase1A_DenseCompute
540,4423680,155.68746649999957,4.373877167701721,,,1.2074507474899292,30428.45357568581,Phase1A_DenseCompute
550,4505600,158.56441579999955,4.367066860198975,,,0.9593053460121155,31327.930234193907,Phase1A_DenseCompute
560,4587520,161.28615219999938,4.344857454299927,,,0.8555596470832825,30539.10922127658,Phase1A_DenseCompute
570,4669440,163.95520709999983,4.474172115325928,,,0.6400572657585144,31440.904570766517,Phase1A_DenseCompute
580,4751360,166.7098516999995,4.409928679466248,,,0.9794921278953552,31765.690804826136,Phase1A_DenseCompute
590,4833280,169.6327752999996,4.399327874183655,,,1.2717244625091553,22669.154591614915,Phase1A_DenseCompute
600,4915200,172.8034502999999,4.413744807243347,,,0.404028058052063,26521.47196762382,Phase1A_DenseCompute
600,4915200,172.8034502999999,,4.345662146806717,6.269465228576937,,,Phase1A_DenseCompute
610,4997120,177.2560767999994,4.348745703697205,,,0.9533295035362244,26904.586588281643,Phase1A_DenseCompute
10,81920,7.084605199999714,10.139748096466064,,,3.470806360244751,14755.176109297261,Phase1A_SparseV3
20,163840,12.566632099999879,9.758030652999878,,,2.22352933883667,17551.505054418547,Phase1A_SparseV3
30,245760,18.254782299999533,9.458399057388306,,,1.9231778383255005,14155.732060605993,Phase1A_SparseV3
40,327680,23.791345499999807,9.12816333770752,,,1.7738598585128784,14384.36094068868,Phase1A_SparseV3
50,409600,29.832681999999295,8.587378978729248,,,1.7643837928771973,14806.334696558135,Phase1A_SparseV3
60,491520,35.48021439999957,7.8961710929870605,,,3.1298668384552,15165.53144248044,Phase1A_SparseV3
70,573440,41.07525970000006,7.269570589065552,,,1.7007595300674438,14736.635704503311,Phase1A_SparseV3
80,655360,46.9999614999997,6.881091356277466,,,1.320372223854065,14523.566046037336,Phase1A_SparseV3
90,737280,53.24471099999937,6.565010905265808,,,0.9525217413902283,14325.783209561334,Phase1A_SparseV3
100,819200,59.45031159999962,6.082580804824829,,,1.126926064491272,13974.607224324012,Phase1A_SparseV3
110,901120,65.66276620000008,5.93970787525177,,,1.0376157760620117,13512.158303375614,Phase1A_SparseV3
120,983040,72.00644569999986,5.555878520011902,,,0.9016834497451782,12660.671290680079,Phase1A_SparseV3
130,1064960,77.95361030000004,5.530323386192322,,,1.2748197317123413,14279.648224199109,Phase1A_SparseV3
140,1146880,83.8725018999994,5.138668894767761,,,1.9101163148880005,13411.910011851382,Phase1A_SparseV3
150,1228800,90.32552549999946,5.123338222503662,,,0.737659752368927,12918.831041341055,Phase1A_SparseV3
160,1310720,96.60727099999986,4.962098240852356,,,1.175336480140686,11439.439534495445,Phase1A_SparseV3
170,1392640,104.63949749999938,4.745144009590149,,,0.7599316835403442,9398.59112916294,Phase1A_SparseV3
180,1474560,113.65719439999975,4.742877125740051,,,0.8561236262321472,8989.496927253365,Phase1A_SparseV3
190,1556480,122.87101350000012,4.721022844314575,,,1.1600059270858765,8623.513728148644,Phase1A_SparseV3
200,1638400,130.2266396999994,4.882025957107544,,,0.5784692764282227,12726.122868298547,Phase1A_SparseV3
200,1638400,130.2266396999994,,4.65421661734581,6.714615233067806,,,Phase1A_SparseV3
210,1720320,139.83133980000002,4.779071688652039,,,0.6816659569740295,12057.94643987729,Phase1A_SparseV3
220,1802240,147.08802849999938,4.605906367301941,,,0.5399261116981506,11624.898910058424,Phase1A_SparseV3
230,1884160,153.65193939999972,4.702634215354919,,,1.2881072759628296,13107.229360188447,Phase1A_SparseV3
240,1966080,160.07064360000004,4.594009280204773,,,0.6142693758010864,13699.177631280329,Phase1A_SparseV3
250,2048000,167.10100799999964,4.507427096366882,,,1.5596855878829956,12891.684045464513,Phase1A_SparseV3
260,2129920,175.18170819999978,4.7290568351745605,,,0.3675161600112915,10291.489608945385,Phase1A_SparseV3
270,2211840,183.27551559999938,4.624623537063599,,,0.7607623934745789,10035.189312525057,Phase1A_SparseV3
280,2293760,191.1987167999996,4.736451625823975,,,1.110551357269287,10315.297805746168,Phase1A_SparseV3
290,2375680,199.26095050000004,4.427095055580139,,,1.0889859199523926,10491.90943401781,Phase1A_SparseV3
300,2457600,207.50289710000015,4.431108832359314,,,0.46540287137031555,9810.216852254358,Phase1A_SparseV3
310,2539520,216.45133519999945,4.4270888566970825,,,0.7873129844665527,8949.211585606165,Phase1A_SparseV3
320,2621440,225.2721993999994,4.5926549434661865,,,1.3673580884933472,8580.20898129411,Phase1A_SparseV3
330,2703360,234.40733909999926,4.487647533416748,,,2.6128041744232178,8618.642633225412,Phase1A_SparseV3
340,2785280,242.42901669999992,4.492565035820007,,,1.9118199348449707,13172.453171628138,Phase1A_SparseV3
350,2867200,249.2133858999996,4.554082751274109,,,0.7701862454414368,13912.079461883439,Phase1A_SparseV3
360,2949120,255.2714845999999,4.45284366607666,,,0.6117445826530457,14531.354074926056,Phase1A_SparseV3
370,3031040,261.39845400000013,4.354438662528992,,,4.071307182312012,13109.96043326472,Phase1A_SparseV3
380,3112960,268.33614639999996,4.4658695459365845,,,1.4118942022323608,12088.9595127611,Phase1A_SparseV3
390,3194880,274.99278890000005,4.380313515663147,,,0.9075247049331665,12687.399330927341,Phase1A_SparseV3
400,3276800,281.58969029999935,4.5633745193481445,,,2.5735530853271484,12192.68067068174,Phase1A_SparseV3
400,3276800,281.58969029999935,,4.422294586896896,6.38002246986626,,,Phase1A_SparseV3
410,3358720,291.4376849,4.514119744300842,,,1.7483241558074951,10226.681026295819,Phase1A_SparseV3
420,3440640,299.3066541999997,4.462040066719055,,,0.9422832727432251,10924.615618095631,Phase1A_SparseV3
430,3522560,308.0423056999998,4.4975690841674805,,,0.7373310923576355,9447.166616914335,Phase1A_SparseV3
440,3604480,316.9406657999998,4.39242959022522,,,1.0049934387207031,9392.349821003458,Phase1A_SparseV3
450,3686400,325.7404670999995,4.332330346107483,,,1.156783103942871,9318.367979755962,Phase1A_SparseV3
460,3768320,334.3819262999996,4.3510377407073975,,,1.1096255779266357,9757.462964338249,Phase1A_SparseV3
470,3850240,343.33263739999984,4.4528632164001465,,,0.38657230138778687,9065.745690781929,Phase1A_SparseV3
480,3932160,352.3593201999993,4.359972953796387,,,0.6031931638717651,9504.499090162763,Phase1A_SparseV3
490,4014080,361.13970169999993,4.562201261520386,,,2.1414060592651367,9242.801119330261,Phase1A_SparseV3
500,4096000,369.8727122,4.297357439994812,,,0.35944509506225586,9867.968936623904,Phase1A_SparseV3
510,4177920,387.12669709999955,4.491176009178162,,,0.6226396560668945,9495.532451669564,Phase1A_SparseV3
520,4259840,396.17641490000005,4.574414491653442,,,2.4911091327667236,9329.595876579511,Phase1A_SparseV3
530,4341760,405.21859529999983,4.324406981468201,,,2.4496638774871826,8886.98246913972,Phase1A_SparseV3
540,4423680,414.05402389999927,4.372222304344177,,,0.533893346786499,8922.233995831639,Phase1A_SparseV3
550,4505600,422.9730675999999,4.3702003955841064,,,1.0116721391677856,9703.468539892712,Phase1A_SparseV3
560,4587520,432.0537844999999,4.370757579803467,,,4.782490253448486,9295.442453190144,Phase1A_SparseV3
570,4669440,441.07698569999957,4.483286738395691,,,0.9952661991119385,9181.204040040499,Phase1A_SparseV3
580,4751360,450.81063489999997,4.406298875808716,,,0.7651607990264893,9209.347397675612,Phase1A_SparseV3
590,4833280,459.7046868999996,4.387738943099976,,,0.47474512457847595,9565.993267610223,Phase1A_SparseV3
600,4915200,468.71729700000014,4.43645703792572,,,2.4243340492248535,8672.520971210743,Phase1A_SparseV3
600,4915200,468.71729700000014,,4.351091921329498,6.277298737354099,,,Phase1A_SparseV3
610,4997120,481.2062780999995,4.34418785572052,,,0.3676409423351288,9383.96643031938,Phase1A_SparseV3
10,81920,9.322954500000378,10.22482943534851,,,3.4761505126953125,9276.077559883966,Phase1A_SparseV3Ngram
20,163840,17.27441960000033,9.80454969406128,,,2.6413235664367676,10031.254607254486,Phase1A_SparseV3Ngram
30,245760,24.49467689999983,9.484528541564941,,,1.932030439376831,9825.826667229143,Phase1A_SparseV3Ngram
40,327680,31.97009580000031,9.160963773727417,,,1.7755234241485596,11692.667818031274,Phase1A_SparseV3Ngram
50,409600,39.81994180000038,8.645623922348022,,,1.7498849630355835,10093.228062478334,Phase1A_SparseV3Ngram
60,491520,48.08696880000025,7.972251534461975,,,1.9116570949554443,8616.906555791835,Phase1A_SparseV3Ngram
70,573440,56.21881450000001,7.332665324211121,,,1.7188572883605957,10499.910855860775,Phase1A_SparseV3Ngram
80,655360,63.85990279999987,6.917747497558594,,,1.3286412954330444,11080.996375278748,Phase1A_SparseV3Ngram
90,737280,71.76449970000067,6.5985236167907715,,,0.9003564119338989,9920.839163483832,Phase1A_SparseV3Ngram
100,819200,79.82164139999986,6.102618932723999,,,1.0092525482177734,10654.43071888374,Phase1A_SparseV3Ngram
110,901120,87.98493120000057,5.946810841560364,,,1.1838996410369873,9995.187863656529,Phase1A_SparseV3Ngram
120,983040,96.29334190000009,5.5430989265441895,,,1.3004341125488281,9825.266887563823,Phase1A_SparseV3Ngram
130,1064960,104.46830959999988,5.51448130607605,,,0.7879480719566345,10038.872445411034,Phase1A_SparseV3Ngram
140,1146880,112.7846098,5.12897789478302,,,0.8230577111244202,9475.348825155705,Phase1A_SparseV3Ngram
150,1228800,121.28328800000054,5.130624532699585,,,0.8090963959693909,9924.244048694989,Phase1A_SparseV3Ngram
160,1310720,129.5167188000005,4.9482502937316895,,,1.062147617340088,9568.282638098415,Phase1A_SparseV3Ngram
170,1392640,137.83281830000033,4.730463266372681,,,1.2453104257583618,9515.913890732272,Phase1A_SparseV3Ngram
180,1474560,146.40160860000015,4.7297362089157104,,,0.7110881209373474,9328.741691441981,Phase1A_SparseV3Ngram
190,1556480,154.58561250000002,4.71578323841095,,,0.8090124726295471,9738.165549287927,Phase1A_SparseV3Ngram
200,1638400,162.73852970000007,4.884641170501709,,,0.8175597786903381,10009.84733393532,Phase1A_SparseV3Ngram
200,1638400,162.73852970000007,,4.6556349992752075,6.716661525643435,,,Phase1A_SparseV3Ngram
210,1720320,174.92073010000058,4.778222918510437,,,0.44673654437065125,10248.90117066464,Phase1A_SparseV3Ngram
220,1802240,183.16278710000006,4.595991373062134,,,0.8918235301971436,10076.719358687771,Phase1A_SparseV3Ngram
230,1884160,191.53866460000063,4.675607085227966,,,0.703574001789093,9264.779993140592,Phase1A_SparseV3Ngram
240,1966080,199.78340890000072,4.586172342300415,,,1.0644867420196533,9638.660819150477,Phase1A_SparseV3Ngram
250,2048000,207.98091230000045,4.487415552139282,,,0.8250358700752258,10531.256375531997,Phase1A_SparseV3Ngram
260,2129920,216.10910140000033,4.724447131156921,,,0.8920324444770813,9939.941736314317,Phase1A_SparseV3Ngram
270,2211840,224.30767280000055,4.6231690645217896,,,0.6012904047966003,9636.55075946072,Phase1A_SparseV3Ngram
280,2293760,232.4666788000004,4.728737831115723,,,1.1570268869400024,10393.203616206647,Phase1A_SparseV3Ngram
290,2375680,240.55657210000027,4.426854610443115,,,0.8603624105453491,10290.342930200393,Phase1A_SparseV3Ngram
300,2457600,248.62320330000057,4.43903124332428,,,1.1905925273895264,9832.462850710484,Phase1A_SparseV3Ngram
310,2539520,256.9121617999999,4.456005930900574,,,1.9896531105041504,10088.92465880929,Phase1A_SparseV3Ngram
320,2621440,265.1235041,4.6025941371917725,,,1.1394866704940796,9266.611917644308,Phase1A_SparseV3Ngram
330,2703360,273.17682539999987,4.463728427886963,,,0.6705904603004456,9988.309581020507,Phase1A_SparseV3Ngram
340,2785280,281.2786661,4.566961050033569,,,7.534620761871338,10524.897124656969,Phase1A_SparseV3Ngram
350,2867200,289.5367556000001,4.584563136100769,,,1.25332510471344,10388.959498532582,Phase1A_SparseV3Ngram
360,2949120,297.6808544000005,4.460671901702881,,,0.8077457547187805,9957.446260247272,Phase1A_SparseV3Ngram
370,3031040,305.66042350000043,4.331105947494507,,,1.491634726524353,10153.396603670062,Phase1A_SparseV3Ngram
380,3112960,313.82296039999983,4.432803750038147,,,1.4987050294876099,10377.678060414639,Phase1A_SparseV3Ngram
390,3194880,321.82854640000005,4.368490099906921,,,0.9340170621871948,9588.83649675633,Phase1A_SparseV3Ngram
400,3276800,329.88887800000066,4.549745678901672,,,1.4578418731689453,10107.770150891241,Phase1A_SparseV3Ngram
400,3276800,329.88887800000066,,4.4035903215408325,6.3530379189935955,,,Phase1A_SparseV3Ngram
410,3358720,341.8253147000005,4.502154111862183,,,0.6150020360946655,10363.375991173285,Phase1A_SparseV3Ngram
420,3440640,350.0260857000003,4.4673720598220825,,,1.0692700147628784,10108.160525776651,Phase1A_SparseV3Ngram
430,3522560,358.22645999999986,4.503352165222168,,,0.8020772933959961,9521.089876562282,Phase1A_SparseV3Ngram
440,3604480,366.0396027000006,4.396257758140564,,,1.106924057006836,9901.823037785414,Phase1A_SparseV3Ngram
450,3686400,374.1953153000004,4.32031512260437,,,1.3032732009887695,10026.013539760774,Phase1A_SparseV3Ngram
460,3768320,382.2309679,4.343593716621399,,,0.9939460754394531,10085.998154925046,Phase1A_SparseV3Ngram
470,3850240,390.1287591999999,4.479857683181763,,,2.5333845615386963,9935.99699396961,Phase1A_SparseV3Ngram
480,3932160,398.22375939999984,4.367170691490173,,,0.6995825171470642,9140.809642304366,Phase1A_SparseV3Ngram
490,4014080,406.4491041000001,4.5531240701675415,,,1.1222951412200928,10138.940114406036,Phase1A_SparseV3Ngram
500,4096000,414.35742720000053,4.303722977638245,,,0.4634152948856354,10519.482937624998,Phase1A_SparseV3Ngram
510,4177920,430.6896615000005,4.493447422981262,,,1.043785572052002,10235.433717130074,Phase1A_SparseV3Ngram
520,4259840,438.7117539000001,4.560207724571228,,,0.9329395890235901,9711.253792574555,Phase1A_SparseV3Ngram
530,4341760,446.64331350000066,4.298174619674683,,,0.9897417426109314,10684.630201182074,Phase1A_SparseV3Ngram
540,4423680,454.8366034999999,4.369494199752808,,,0.8895912170410156,10238.24925938223,Phase1A_SparseV3Ngram
550,4505600,462.9538540000003,4.360977053642273,,,0.635271430015564,10003.15529214206,Phase1A_SparseV3Ngram
560,4587520,470.8253357000003,4.346844792366028,,,1.2531046867370605,9661.18397621764,Phase1A_SparseV3Ngram
570,4669440,478.81164160000026,4.475236654281616,,,0.7252829670906067,10399.138008949958,Phase1A_SparseV3Ngram
580,4751360,487.1556350999999,4.403156518936157,,,0.6955103278160095,9336.595671157036,Phase1A_SparseV3Ngram
590,4833280,495.21515290000025,4.38865602016449,,,1.0555957555770874,10041.326087530013,Phase1A_SparseV3Ngram
600,4915200,503.2649863000006,4.417047023773193,,,0.7309957146644592,10064.375391381656,Phase1A_SparseV3Ngram
600,4915200,503.2649863000006,,4.35449805855751,6.28221275464154,,,Phase1A_SparseV3Ngram
610,4997120,514.7235601000002,4.347998380661011,,,0.8706483840942383,10440.239885918318,Phase1A_SparseV3Ngram
