model,tokens,step,train_loss,val_loss,bits_per_token,code_val_loss,general_val_loss,technical_val_loss,step_tok_s,grad_norm,wall_time
dense,20004864,2442,,4.302957044914365,6.207854789856183,3.757302833015951,5.917018428137825,4.588341566775232,30089.839561203065,,707.8018082000017
sparse,20004864,2442,,4.464747846126556,6.441269576426464,3.91607033927186,5.969997239150201,4.7144923135906,22527.97171572556,,952.8486756000001
memory,20004864,2442,,4.1718848049640656,6.018757519281678,3.6235171925501386,5.846256695857808,4.4890807536314465,22217.433369951897,,998.2190833000004
dense,50003968,6104,,3.2885922230780125,4.7444356917406605,2.7788633109765346,5.11328869683008,3.6846171685595177,31892.390730040188,,1675.0303698000025
sparse,50003968,6104,,3.2769313976168633,4.7276126766751885,2.7568525819151106,5.109977584362662,3.6728324951044202,23367.388259048425,,2291.3063810000003
memory,50003968,6104,,3.263211404904723,4.707818911228351,2.7439382516992663,5.074182597228254,3.6381851696024956,21966.260790764347,,2478.7819408000005
dense,70000640,8545,,3.106531759724021,4.48177796411791,2.6089546804664527,4.937881676204694,3.524248698350478,31761.18984343349,,2365.9212791000027
sparse,70000640,8545,,3.0837759654968977,4.44894829263495,2.579422350272349,4.902307672818923,3.4990518264547457,23321.565888516358,,3214.3688760999994
memory,70000640,8545,,3.0788601767271757,4.441856308554814,2.5749372729745366,4.879346344301192,3.4728896375307556,22024.135363268535,,3470.712498900002
dense,100007936,12208,,3.010258825495839,4.342885479335083,2.5172833942788495,4.804754758619489,3.4233478976807405,31375.620934876784,,3421.7585143000033
sparse,100007936,12208,,2.9812576761469245,4.301045664989323,2.481818688499711,4.775507431958782,3.397397084827785,22672.766832322548,,4709.758991799998
memory,100007936,12208,,2.9747491469606757,4.291655842208841,2.4762901398495365,4.750409003737059,3.3739760751112193,21641.35766140051,,5034.132150800004
dense,409600,50,9.861046314239502,,,,,,26381.969830132763,1.5954450368881226,13.783835700000054
dense,819200,100,8.666308403015137,,,,,,28318.10440157937,1.356386661529541,28.041476099999272
dense,1228800,150,7.715384364128113,,,,,,29851.86667089939,1.1825892925262451,41.68478619999951
dense,1638400,200,7.42574942111969,,,,,,32469.012346507978,1.1455738544464111,54.83427400000073
dense,2048000,250,7.346007227897644,,,,,,33216.47556646037,2.2060253620147705,67.29715079999914
dense,2457600,300,6.96719765663147,,,,,,31378.07671388095,1.531391978263855,80.17552590000014
dense,2867200,350,6.7190903425216675,,,,,,33851.77122636413,1.727425456047058,92.75761319999947
dense,3276800,400,6.19554603099823,,,,,,33281.5881556868,2.6123528480529785,105.34836919999907
dense,3686400,450,6.331513047218323,,,,,,34513.36866397123,1.3607779741287231,117.8018162999997
dense,4096000,500,6.366924524307251,,,,,,32502.390465065844,1.4779754877090454,130.28375459999916
dense,4505600,550,6.433788776397705,,,,,,25198.997330943148,1.6147446632385254,143.33508830000028
dense,4915200,600,6.167441368103027,,,,,,29750.825937609876,2.097994804382324,157.82400880000023
dense,5324800,650,6.234385371208191,,,,,,30076.148608286825,2.012080669403076,171.44897780000065
dense,5734400,700,6.161276459693909,,,,,,27900.89053289292,1.4703115224838257,186.96646560000045
dense,6144000,750,5.68206262588501,,,,,,31001.814241887198,1.60639488697052,202.07644489999984
dense,6553600,800,5.376345753669739,,,,,,32096.03736176828,1.9356164932250977,215.63425520000055
dense,6963200,850,5.355058193206787,,,,,,30848.762735846365,1.5382955074310303,229.20829579999918
dense,7372800,900,5.281067609786987,,,,,,30203.69427447725,2.4255454540252686,243.59124650000012
dense,7782400,950,5.313573479652405,,,,,,30634.83515829386,1.8656502962112427,257.28736129999925
dense,8192000,1000,5.145424127578735,,,,,,31463.280676797694,1.8798582553863525,270.9349607000004
dense,8192000,1000,,5.553446143865585,8.011929211598817,,,,,,270.9349607000004
dense,8601600,1050,5.310383439064026,,,,,,30571.168089534705,3.1706771850585938,292.88998489999904
dense,9011200,1100,5.4335479736328125,,,,,,32109.59909233356,2.3385539054870605,306.46022059999996
dense,9420800,1150,5.5783621072769165,,,,,,27856.10039068159,1.9503984451293945,320.3160805000007
dense,9830400,1200,5.507513523101807,,,,,,30161.880787543825,1.3950979709625244,334.3712758999991
dense,10240000,1250,5.412701725959778,,,,,,31864.51358184137,3.204864501953125,347.7881507000002
dense,10649600,1300,5.088944911956787,,,,,,28003.237874351747,1.8363218307495117,361.0509499
dense,11059200,1350,5.200133681297302,,,,,,29944.278493337017,2.066782236099243,374.4730468000016
dense,11468800,1400,5.1754419803619385,,,,,,30535.78524140345,1.8582905530929565,388.9852537000006
dense,11878400,1450,5.0614208579063416,,,,,,33578.51827437384,1.6078565120697021,402.68903879999925
dense,12288000,1500,4.824175834655762,,,,,,31594.39461746403,1.703588843345642,415.9004425999992
dense,12697600,1550,4.430942356586456,,,,,,30891.000997579635,1.8101211786270142,429.2947219999987
dense,13107200,1600,4.551722288131714,,,,,,30071.45641742808,1.6051816940307617,442.8393935999993
dense,13516800,1650,4.365185856819153,,,,,,29285.801105297825,1.3916542530059814,456.1468094000011
dense,13926400,1700,5.3229228258132935,,,,,,27633.37607198597,1.6929097175598145,469.56030340000143
dense,14336000,1750,4.540716767311096,,,,,,32727.561824825938,1.5926910638809204,483.12610700000005
dense,14745600,1800,4.7813791036605835,,,,,,32471.921024513766,1.5843077898025513,497.0414334999987
dense,15155200,1850,4.906336069107056,,,,,,27714.082150329792,1.659390926361084,510.74038519999885
dense,15564800,1900,4.863512992858887,,,,,,31096.689751243295,1.4548624753952026,523.9087910999988
dense,15974400,1950,4.522035837173462,,,,,,31258.53771696754,1.6378097534179688,537.7586202999992
dense,16384000,2000,4.539708137512207,,,,,,27322.896466897164,2.7427282333374023,551.4005230000002
dense,16384000,2000,,4.71113657951355,6.796733380214792,,,,,,551.4005230000002
dense,16793600,2050,5.059611260890961,,,,,,29166.528702272604,1.6506469249725342,572.0173342000016
dense,17203200,2100,4.175812363624573,,,,,,31628.22015599292,1.537290096282959,586.2440411999996
dense,17612800,2150,4.248337149620056,,,,,,30566.342994152867,1.8124337196350098,599.6899502999986
dense,18022400,2200,4.90181690454483,,,,,,32177.630576093303,1.992619514465332,613.2546198999989
dense,18432000,2250,3.9842132329940796,,,,,,32817.725417480746,1.8573486804962158,627.3168469000011
dense,18841600,2300,3.9681102633476257,,,,,,30774.709740232895,1.8911690711975098,641.1395153999983
dense,19251200,2350,3.1584742069244385,,,,,,32116.95086552632,1.4448317289352417,654.4145592999994
dense,19660800,2400,4.586316227912903,,,,,,30862.104560333122,1.840576171875,667.6910275000009
dense,20004864,2442,4.621198415756226,,,,,,30786.48341094884,1.8097082376480103,679.0097032000012
dense,20070400,2450,4.259118437767029,,,,,,34994.3100075572,1.9266005754470825,710.3295776000014
dense,20480000,2500,4.068686664104462,,,,,,33891.096719597685,1.7260992527008057,723.1798062000016
dense,20889600,2550,3.8817588090896606,,,,,,30648.73785338562,1.6310420036315918,736.027857400004
dense,21299200,2600,4.875874161720276,,,,,,34246.46080883801,1.855592131614685,748.256533300002
dense,21708800,2650,4.776304364204407,,,,,,33695.15591008678,2.040926218032837,760.8061662000036
dense,22118400,2700,4.094938397407532,,,,,,31743.030250432446,1.6585160493850708,773.1837472000007
dense,22528000,2750,3.6949086785316467,,,,,,34093.25954789602,1.865523338317871,785.3365473000013
dense,22937600,2800,3.5347659587860107,,,,,,34605.686535082634,1.6814378499984741,798.3206237000013
dense,23347200,2850,4.037223815917969,,,,,,35918.27715083691,1.641756534576416,810.389182400002
dense,23756800,2900,3.706102430820465,,,,,,33780.760718479134,1.914969563484192,822.4222115000011
dense,24166400,2950,3.4941036701202393,,,,,,34964.06494802851,1.6653697490692139,834.5460407000028
dense,24576000,3000,3.738624691963196,,,,,,36263.38407538152,1.81523597240448,846.5643806000007
dense,24576000,3000,,3.9393979012966156,5.6833498162890175,,,,,,846.5643806000007
dense,24985600,3050,4.39381206035614,,,,,,33206.31001003146,1.675963044166565,865.3624143000015
dense,25395200,3100,3.1853984594345093,,,,,,32256.50219318661,2.0279884338378906,877.8132067000006
dense,25804800,3150,3.655564844608307,,,,,,33608.89454145924,1.903873085975647,889.9597231000007
dense,26214400,3200,3.463841140270233,,,,,,32069.400186439874,1.860219120979309,902.063914600003
dense,26624000,3250,4.485072076320648,,,,,,34884.2309391281,1.6643798351287842,914.083095500002
dense,27033600,3300,3.212521493434906,,,,,,34248.021394849085,1.9478482007980347,926.1735292000012
dense,27443200,3350,3.6903685927391052,,,,,,32289.380964202046,1.4912348985671997,938.2947357000012
dense,27852800,3400,3.7537336349487305,,,,,,34210.09222759822,1.6575928926467896,950.4708820000014
dense,28262400,3450,3.6165279150009155,,,,,,32714.061056245817,1.6421504020690918,962.3097717000019
dense,28672000,3500,3.2586620450019836,,,,,,34152.031570404615,1.6230605840682983,975.1360979000019
dense,29081600,3550,4.102593779563904,,,,,,35020.564749339086,2.416078805923462,987.3073869000036
dense,29491200,3600,2.839784026145935,,,,,,32241.597879632467,1.7577389478683472,999.3359855000017
dense,29900800,3650,3.430495321750641,,,,,,19697.35987572382,2.048933506011963,1012.3517243000024
dense,30310400,3700,3.92879980802536,,,,,,22388.049504027465,1.7631583213806152,1028.7953290000041
dense,30720000,3750,3.197339355945587,,,,,,20817.80003218231,1.6271541118621826,1044.7200037000039
dense,31129600,3800,4.583080172538757,,,,,,28024.965208308644,1.9552648067474365,1059.728641800004
dense,31539200,3850,3.6758853793144226,,,,,,33140.485804381016,1.625541090965271,1071.8768157000013
dense,31948800,3900,2.52650249004364,,,,,,27188.94758644478,1.6596949100494385,1084.373779900001
dense,32358400,3950,3.7880584001541138,,,,,,35835.66164537299,1.7466623783111572,1096.6739165000035
dense,32768000,4000,3.8284854888916016,,,,,,33561.487537265784,1.8767476081848145,1108.865443200004
dense,32768000,4000,,3.624834969639778,5.229531434740204,,,,,,1108.865443200004
dense,33177600,4050,3.9119202494621277,,,,,,35709.008198993084,2.0402939319610596,1127.5082310000034
dense,33587200,4100,2.6779218912124634,,,,,,34642.00791692524,2.0269641876220703,1139.6949189000006
dense,33996800,4150,2.815141201019287,,,,,,33228.480279418436,2.0933678150177,1151.7389111000011
dense,34406400,4200,3.4623114466667175,,,,,,34612.64637587085,1.8239127397537231,1163.9016295000038
dense,34816000,4250,3.299462854862213,,,,,,34311.74008547145,1.9474689960479736,1176.0251895000038
dense,35225600,4300,3.3871304392814636,,,,,,35453.87188123214,1.858120322227478,1187.943750800001
dense,35635200,4350,3.5700172781944275,,,,,,33662.10592823566,1.4988282918930054,1200.146830800004
dense,36044800,4400,3.246828556060791,,,,,,35359.68072723972,1.8334964513778687,1211.8767020000014
dense,36454400,4450,3.0547879338264465,,,,,,34023.96047693019,1.659240961074829,1223.8007687000027
dense,36864000,4500,3.2650546431541443,,,,,,32639.517801756396,2.242786169052124,1236.465952100003
dense,37273600,4550,3.693835735321045,,,,,,33919.8643206491,1.7419735193252563,1248.319357100001
dense,37683200,4600,3.0085939168930054,,,,,,35647.66081801735,1.6923235654830933,1260.4024138000023
dense,38092800,4650,2.878143846988678,,,,,,34834.07888685307,1.518312692642212,1272.342609700001
dense,38502400,4700,4.3997719287872314,,,,,,34207.0638089393,1.781146764755249,1284.376671500002
dense,38912000,4750,3.543146848678589,,,,,,35289.764202069106,2.052946090698242,1296.4546569000013
dense,39321600,4800,3.4533108472824097,,,,,,34659.024081457894,1.9622153043746948,1308.232019500003
dense,39731200,4850,3.4920037388801575,,,,,,35567.68932480128,1.7648674249649048,1320.441487600001
dense,40140800,4900,3.677247703075409,,,,,,33268.653310173926,2.0718088150024414,1333.8733760000032
dense,40550400,4950,3.29887992143631,,,,,,34863.65425708872,1.4357810020446777,1345.8091075000011
dense,40960000,5000,3.102186620235443,,,,,,35055.97744671253,1.6372228860855103,1357.7757492000019
dense,40960000,5000,,3.4549793004989624,4.984481503203873,,,,,,1357.7757492000019
dense,41369600,5050,3.2723165154457092,,,,,,34587.101696278005,1.5555528402328491,1376.3478059000008
dense,41779200,5100,3.163003981113434,,,,,,34917.18038670765,1.7233763933181763,1388.2814777000021
dense,42188800,5150,3.8272650241851807,,,,,,34631.08300318176,1.8327364921569824,1400.3616131000017
dense,42598400,5200,3.4767030477523804,,,,,,33346.57643978303,2.6954004764556885,1412.6213890000035
dense,43008000,5250,3.02250736951828,,,,,,34023.66372360696,1.6760929822921753,1424.8298843000011
dense,43417600,5300,3.8591373562812805,,,,,,34426.21435201752,1.6399595737457275,1436.8867946000028
dense,43827200,5350,3.054173558950424,,,,,,33602.08437913034,1.6050209999084473,1448.9974026000018
dense,44236800,5400,3.32842880487442,,,,,,35755.37596388995,2.1029889583587646,1461.0381179000033
dense,44646400,5450,3.3603932857513428,,,,,,35536.76919057228,1.8673585653305054,1473.043366400001
dense,45056000,5500,3.423830509185791,,,,,,34594.47772171235,2.0606577396392822,1484.818976100003
dense,45465600,5550,3.1373450756073,,,,,,33567.12585184768,1.9011045694351196,1497.0042868000019
dense,45875200,5600,2.2938045263290405,,,,,,32634.784808429256,1.617072582244873,1508.9835530000018
dense,46284800,5650,3.3059213161468506,,,,,,35734.49168028152,1.9180258512496948,1521.379980900001
dense,46694400,5700,3.4787521958351135,,,,,,34520.02958123598,1.5631144046783447,1533.4791737000014
dense,47104000,5750,3.5498865842819214,,,,,,35878.57170729511,1.8302916288375854,1545.326331100001
dense,47513600,5800,3.1214014291763306,,,,,,35747.30946060793,1.6496659517288208,1557.4911210000027
dense,47923200,5850,3.127898335456848,,,,,,29919.605668720553,2.121854782104492,1569.3938594000028
dense,48332800,5900,2.6521798372268677,,,,,,36291.610532980456,1.764210820198059,1581.3575611000015
dense,48742400,5950,3.0753115713596344,,,,,,34955.575866493076,1.7791013717651367,1593.4963566000006
dense,49152000,6000,2.862366795539856,,,,,,35117.48625343038,1.4598273038864136,1605.4254991000016
dense,49152000,6000,,3.304175227880478,4.766917215491326,,,,,,1605.4254991000016
dense,49561600,6050,2.6936194896698,,,,,,31944.882599119916,1.5973646640777588,1624.1513132000036
dense,49971200,6100,3.1605106592178345,,,,,,33969.90975909151,1.6587625741958618,1636.1027887000018
dense,50003968,6104,3.229320526123047,,,,,,33925.834448471745,2.139131784439087,1637.0803342000036
dense,50380800,6150,3.710773229598999,,,,,,32095.08167949268,1.680975079536438,1687.2304040000017
dense,50790400,6200,3.693314790725708,,,,,,33103.5508326666,2.9207003116607666,1700.370251700002
dense,51200000,6250,3.081326425075531,,,,,,31239.72753710572,1.9218418598175049,1713.8695734000012
dense,51609600,6300,3.4280927777290344,,,,,,33574.89882856672,1.723928451538086,1727.2890936000022
dense,52019200,6350,2.9160746335983276,,,,,,31968.044443097417,1.5427855253219604,1740.085848900002
dense,52428800,6400,2.8931052684783936,,,,,,32416.424427413058,1.6455174684524536,1752.880150400002
dense,52838400,6450,2.798609495162964,,,,,,32343.72791472099,2.1604559421539307,1765.656042200002
dense,53248000,6500,3.994287133216858,,,,,,31157.979934436582,1.7170217037200928,1778.3014140000014
dense,53657600,6550,3.109102725982666,,,,,,30322.40130324608,1.886088490486145,1791.440384800002
dense,54067200,6600,3.334973394870758,,,,,,33679.335885648514,1.783146858215332,1804.0578531000028
dense,54476800,6650,2.9754251837730408,,,,,,35057.55267300751,1.604311227798462,1816.4129305000024
dense,54886400,6700,3.009720027446747,,,,,,29908.911446336664,1.9943894147872925,1829.409443200002
dense,55296000,6750,2.536123216152191,,,,,,35390.79787434739,1.570024013519287,1841.9386451000028
dense,55705600,6800,3.4396186470985413,,,,,,31406.527052285965,1.8358677625656128,1854.197195900002
dense,56115200,6850,2.0612355172634125,,,,,,35569.527092788616,1.9413118362426758,1866.9588925000025
dense,56524800,6900,3.2274760603904724,,,,,,26268.264652683727,1.8261538743972778,1879.7190469000016
dense,56934400,6950,3.2345327138900757,,,,,,34458.20239399637,1.7240315675735474,1892.1234076000019
dense,57344000,7000,2.8108397722244263,,,,,,32727.130359629715,1.8788069486618042,1904.6370624000028
dense,57344000,7000,,3.186067894101143,4.596524350755262,,,,,,1904.6370624000028
dense,57753600,7050,3.492766171693802,,,,,,32171.24906698064,1.557409644126892,1924.1662616000012
dense,58163200,7100,2.2659031748771667,,,,,,30393.00545332314,1.739664077758789,1936.6197778000023
dense,58572800,7150,3.4336071014404297,,,,,,29571.74396765444,1.910200834274292,1949.3595524000011
dense,58982400,7200,3.151273548603058,,,,,,28171.581160869675,1.7722653150558472,1962.4611031000022
dense,59392000,7250,3.377297282218933,,,,,,31230.00947736326,1.8440403938293457,1976.4602409000017
dense,59801600,7300,3.324808895587921,,,,,,30760.854259573567,1.8374582529067993,1989.5935450000015
dense,60211200,7350,2.859929919242859,,,,,,30911.91274626534,2.1128063201904297,2003.0701542000024
dense,60620800,7400,3.2037689685821533,,,,,,25904.654932291436,1.8262031078338623,2016.5689377000017
dense,61030400,7450,2.739827811717987,,,,,,30338.976585443364,1.5642842054367065,2030.0437038000018
dense,61440000,7500,3.055729866027832,,,,,,31483.280656220788,1.842093586921692,2043.2740310000027
dense,61849600,7550,3.4422380328178406,,,,,,31300.483109451685,1.9036997556686401,2056.583803300002
dense,62259200,7600,2.5709450244903564,,,,,,29903.801893178766,1.9071191549301147,2069.8166493000026
dense,62668800,7650,3.3592647314071655,,,,,,32231.195878711664,1.9922335147857666,2083.0258527000024
dense,63078400,7700,3.4276718497276306,,,,,,31952.557940381717,2.03452467918396,2096.014065600002
dense,63488000,7750,3.0875335335731506,,,,,,31802.9706583779,1.7125602960586548,2109.2784207000022
dense,63897600,7800,3.331546127796173,,,,,,32817.71227061453,1.7393628358840942,2122.6145755000016
dense,64307200,7850,2.697838842868805,,,,,,28812.77779178984,1.8239651918411255,2135.7128368000012
dense,64716800,7900,2.752153992652893,,,,,,33155.76328283083,1.6667221784591675,2149.0073765000016
dense,65126400,7950,2.9092372059822083,,,,,,32959.37531673361,2.0193333625793457,2162.249806900001
dense,65536000,8000,2.6311633586883545,,,,,,30984.565586351775,1.8462474346160889,2175.2092377000026
dense,65536000,8000,,3.1156378388404846,4.494915259301175,,,,,,2175.2092377000026
dense,65945600,8050,2.895026206970215,,,,,,32456.71414595931,1.7842367887496948,2195.4647706000014
dense,66355200,8100,3.351227104663849,,,,,,26284.49760091691,1.646149754524231,2208.591007500003
dense,66764800,8150,3.2799887657165527,,,,,,32981.070910507726,1.7669413089752197,2221.608485400002
dense,67174400,8200,3.700928747653961,,,,,,32123.38642932436,1.7336229085922241,2235.0256218000013
dense,67584000,8250,2.6677861511707306,,,,,,32010.653545629684,1.771737813949585,2248.4646176000024
dense,67993600,8300,3.3912574350833893,,,,,,33062.80116032905,1.9670542478561401,2261.344817100002
dense,68403200,8350,2.4954692125320435,,,,,,31392.90295066533,1.713340401649475,2274.751455800002
dense,68812800,8400,2.9060848355293274,,,,,,29990.111902693785,1.817203402519226,2287.2580451000013
dense,69222400,8450,2.7626401782035828,,,,,,33226.53953609425,1.8630146980285645,2300.3903978000017
dense,69632000,8500,2.967435598373413,,,,,,29314.001550887675,1.8495925664901733,2313.4107717000024
dense,70000640,8545,3.8218933939933777,,,,,,33222.241057523584,1.9409544467926025,2324.786606900003
dense,70041600,8550,2.345156967639923,,,,,,32138.01772154142,2.0138888359069824,2367.6649597000032
dense,70451200,8600,3.708860218524933,,,,,,33526.17431636307,1.8540204763412476,2381.023464500002
dense,70860800,8650,2.5579665899276733,,,,,,27455.291310233784,1.710951566696167,2394.353125700003
dense,71270400,8700,2.676871210336685,,,,,,29186.251536828677,1.6117833852767944,2407.6762386000028
dense,71680000,8750,3.2162468433380127,,,,,,32729.065503688787,1.6965959072113037,2421.3206372000022
dense,72089600,8800,4.072803497314453,,,,,,31767.41536483952,1.861711025238037,2434.537553500002
dense,72499200,8850,2.6545236110687256,,,,,,33313.39355374397,1.9380862712860107,2447.4421923000027
dense,72908800,8900,2.821813225746155,,,,,,31902.311632428722,1.7475603818893433,2460.974701500003
dense,73318400,8950,2.6498979926109314,,,,,,30576.72511026871,2.026766777038574,2473.8173234000024
dense,73728000,9000,2.256949633359909,,,,,,33330.66156415406,1.9595661163330078,2486.8893971000034
dense,73728000,9000,,3.055931143462658,4.408776705971716,,,,,,2486.8893971000034
dense,74137600,9050,2.5751751363277435,,,,,,32749.28051121323,1.8260875940322876,2507.185111900002
dense,74547200,9100,3.1002047657966614,,,,,,30549.222210348962,1.7848550081253052,2520.046180500003
dense,74956800,9150,2.6353732347488403,,,,,,32477.94596014066,1.4355244636535645,2533.078124900003
dense,75366400,9200,2.507395386695862,,,,,,26825.594341335174,1.6406930685043335,2546.0174467000033
dense,75776000,9250,2.9423601627349854,,,,,,32917.961063555966,1.769784688949585,2558.8802885000023
dense,76185600,9300,2.80980122089386,,,,,,32713.93041587969,1.859328031539917,2572.283031500003
dense,76595200,9350,2.01933616399765,,,,,,31921.517955371215,1.484433889389038,2585.241206100003
dense,77004800,9400,2.6212390065193176,,,,,,27185.338501037848,1.7178382873535156,2598.3672331000016
dense,77414400,9450,3.715851604938507,,,,,,33899.6938185287,2.0677332878112793,2611.4656649000026
dense,77824000,9500,3.498358130455017,,,,,,23581.293862400194,1.8218364715576172,2624.440325800002
dense,78233600,9550,3.237351179122925,,,,,,34395.75864027325,1.786186695098877,2637.8456300000016
dense,78643200,9600,3.200337052345276,,,,,,31510.66158166906,1.6968309879302979,2651.0854609000016
dense,79052800,9650,3.5040184259414673,,,,,,32881.30899086277,1.918208122253418,2663.900628500003
dense,79462400,9700,3.399787664413452,,,,,,35020.96897596815,2.093550443649292,2676.897371400002
dense,79872000,9750,2.970545768737793,,,,,,29050.119257203038,1.8101918697357178,2690.2279860000017
dense,80281600,9800,2.6515211164951324,,,,,,33479.23282218182,1.7601814270019531,2702.927161700003
dense,80691200,9850,3.558873772621155,,,,,,33957.50420635478,1.7064465284347534,2716.044810700003
dense,81100800,9900,2.8302937150001526,,,,,,28825.947857038773,1.7434098720550537,2729.068551600003
dense,81510400,9950,3.676522374153137,,,,,,29144.105362681454,1.7568291425704956,2741.880944200002
dense,81920000,10000,2.508256256580353,,,,,,33350.24186245985,2.024010181427002,2754.869310600003
dense,81920000,10000,,3.016207695007324,4.351467883878198,,,,,,2754.869310600003
dense,82329600,10050,2.4200226962566376,,,,,,29399.541636999336,1.5397861003875732,2774.831660900003
dense,82739200,10100,2.550250232219696,,,,,,30422.690454760796,1.764168620109558,2787.580953900002
dense,83148800,10150,3.262059986591339,,,,,,32371.56486818655,2.01594877243042,2800.6050870000017
dense,83558400,10200,3.0559083223342896,,,,,,32234.46797985203,1.8163686990737915,2813.816089300002
dense,83968000,10250,3.3975037336349487,,,,,,32114.97411629579,1.971370816230774,2826.6589122000023
dense,84377600,10300,2.5184611678123474,,,,,,32781.059974278665,2.005298137664795,2839.855626800003
dense,84787200,10350,2.60750412940979,,,,,,22502.057378103284,2.2970197200775146,2853.225365100003
dense,85196800,10400,3.662900924682617,,,,,,34607.17769428184,1.7494440078735352,2866.263514000002
dense,85606400,10450,3.180035352706909,,,,,,34850.6912493185,1.9852653741836548,2879.226415400002
dense,86016000,10500,3.070944130420685,,,,,,28562.194072980634,2.0659782886505127,2892.133571100003
dense,86425600,10550,3.076755404472351,,,,,,32750.236271932652,1.8605973720550537,2904.973677900003
dense,86835200,10600,3.565735936164856,,,,,,24337.261202548023,2.0114099979400635,2918.5858506000022
dense,87244800,10650,2.318014919757843,,,,,,34622.84262313861,1.8881853818893433,2931.310054100002
dense,87654400,10700,3.2987419962882996,,,,,,29222.701815759483,1.9152421951293945,2944.1837283000023
dense,88064000,10750,2.4387431144714355,,,,,,31132.817265211193,1.6009477376937866,2957.0055168000017
dense,88473600,10800,3.2235198616981506,,,,,,30407.31022623769,2.349478244781494,2970.6899556000026
dense,88883200,10850,2.6095229983329773,,,,,,34715.63016998075,2.044682741165161,2983.4016759000024
dense,89292800,10900,2.8383268117904663,,,,,,35445.986840869045,2.0770554542541504,2996.3887575000026
dense,89702400,10950,2.672194242477417,,,,,,29984.798966022052,1.946211814880371,3009.081130900002
dense,90112000,11000,3.634878933429718,,,,,,27717.298443199263,1.9021209478378296,3023.512803900003
dense,90112000,11000,,2.9967179894447327,4.323350182314661,,,,,,3023.512803900003
dense,90521600,11050,3.7521109580993652,,,,,,27367.980064652573,1.7266907691955566,3045.7080472000034
dense,90931200,11100,2.545346289873123,,,,,,27160.614986406395,2.8020637035369873,3059.837464600003
dense,91340800,11150,2.9074301719665527,,,,,,27594.36552154766,2.0219173431396484,3074.1821929000016
dense,91750400,11200,3.3215707540512085,,,,,,27755.792395254553,1.8420803546905518,3088.6565089000032
dense,92160000,11250,2.419196128845215,,,,,,28225.93843833968,1.830930233001709,3102.805402400003
dense,92569600,11300,3.440319836139679,,,,,,31722.73585360131,1.7437820434570312,3116.747329300002
dense,92979200,11350,2.2830487489700317,,,,,,27854.62280654378,2.202458620071411,3131.0001004000023
dense,93388800,11400,2.7000865936279297,,,,,,30419.470837860485,1.9375823736190796,3145.296648300002
dense,93798400,11450,3.239748954772949,,,,,,29386.116423106592,1.8934643268585205,3159.5241516000024
dense,94208000,11500,2.2433738112449646,,,,,,30577.044672001783,1.907209038734436,3173.5228232000027
dense,94617600,11550,3.046430468559265,,,,,,29559.40892734918,2.041219472885132,3187.547875100003
dense,95027200,11600,2.0796751379966736,,,,,,26750.610640128984,2.0708975791931152,3201.6565346000025
dense,95436800,11650,3.0926473140716553,,,,,,30990.004286165575,1.8983782529830933,3215.800464900003
dense,95846400,11700,3.112739682197571,,,,,,29524.6679826819,1.658184289932251,3230.099177000002
dense,96256000,11750,3.139746606349945,,,,,,30970.520540693666,1.8340469598770142,3244.006174400003
dense,96665600,11800,3.1960432529449463,,,,,,30717.565632923626,1.945967674255371,3257.888634500003
dense,97075200,11850,2.8983893990516663,,,,,,27336.56375520429,1.889912724494934,3271.8651911000034
dense,97484800,11900,2.4184154868125916,,,,,,29390.0804891366,1.6428427696228027,3285.8103083000024
dense,97894400,11950,3.1919442415237427,,,,,,28376.223274193708,2.158856153488159,3299.770816700002
dense,98304000,12000,2.673466295003891,,,,,,30796.019975318453,2.427384376525879,3313.805554200002
dense,98304000,12000,,2.971421644091606,4.286855270321091,,,,,,3313.805554200002
dense,98713600,12050,2.663458824157715,,,,,,30603.305769663762,1.9420045614242554,3334.9069018000027
dense,99123200,12100,2.9347437620162964,,,,,,30146.862915677593,1.8747797012329102,3348.7648505000034
dense,99532800,12150,2.6593016982078552,,,,,,31656.25755946553,1.9617335796356201,3362.5977477000033
dense,99942400,12200,3.667183578014374,,,,,,28079.469835557906,4.049075603485107,3376.188726100003
dense,100007936,12208,2.6463961601257324,,,,,,30257.934859140398,1.9958224296569824,3378.3676913000018
sparse,409600,50,9.818543434143066,,,,,,26073.992592849783,1.533503770828247,17.80235250000004
sparse,819200,100,8.66726279258728,,,,,,25425.951416938587,1.3233064413070679,33.93079970000002
sparse,1228800,150,7.730417847633362,,,,,,24597.05507915052,1.8242650032043457,49.36604470000003
sparse,1638400,200,7.420936822891235,,,,,,25435.89870972968,1.0989488363265991,64.90740670000002
sparse,2048000,250,7.359165549278259,,,,,,25253.646241788723,1.7938655614852905,80.99269089999996
sparse,2457600,300,6.986540198326111,,,,,,25806.54103829469,1.4351933002471924,97.11250730000006
sparse,2867200,350,6.739049077033997,,,,,,23540.689875548007,1.7797774076461792,113.40051259999996
sparse,3276800,400,6.139546632766724,,,,,,18054.706731129565,2.1020383834838867,131.68845729999998
sparse,3686400,450,6.326812386512756,,,,,,19798.66842353796,1.889984130859375,153.10520900000006
sparse,4096000,500,6.378068685531616,,,,,,22101.665502946522,1.5625628232955933,171.7067065
sparse,4505600,550,6.442788004875183,,,,,,22858.539626166938,1.5988938808441162,191.95973849999996
sparse,4915200,600,6.228998780250549,,,,,,19790.130880117063,2.5450806617736816,211.86156419999998
sparse,5324800,650,6.223171353340149,,,,,,20998.677842038345,1.5150245428085327,231.06442360000005
sparse,5734400,700,6.17546808719635,,,,,,22674.89591193191,1.4372471570968628,250.73785080000005
sparse,6144000,750,5.714844822883606,,,,,,22221.63750574104,1.808112621307373,269.3663166
sparse,6553600,800,5.376067280769348,,,,,,20379.21966395353,1.8915705680847168,290.33237840000004
sparse,6963200,850,5.320823431015015,,,,,,24310.141857636692,1.2837094068527222,307.0211845
sparse,7372800,900,5.273274064064026,,,,,,24445.244829930543,2.165447473526001,324.18882210000004
sparse,7782400,950,5.316805183887482,,,,,,24388.522984959585,1.7195584774017334,341.11338190000004
sparse,8192000,1000,5.1108763217926025,,,,,,15789.777006021523,1.6831763982772827,358.2468434
sparse,8192000,1000,,5.529009580612183,7.976674702976763,,,,,,358.2468434
sparse,8601600,1050,5.273906707763672,,,,,,23030.8639441526,2.477872610092163,389.91121799999996
sparse,9011200,1100,5.397085189819336,,,,,,24177.17334844229,2.7471981048583984,407.1825639
sparse,9420800,1150,5.574105501174927,,,,,,22996.314189389654,2.0383708477020264,424.9887351
sparse,9830400,1200,5.49715256690979,,,,,,25453.309396286575,1.458053469657898,442.2253557
sparse,10240000,1250,5.335004568099976,,,,,,22913.018913309344,2.865694761276245,459.3646433
sparse,10649600,1300,5.058630347251892,,,,,,22425.723005089752,1.5906139612197876,478.2702557
sparse,11059200,1350,5.196614503860474,,,,,,19488.93874259197,1.7720367908477783,498.1849383
sparse,11468800,1400,5.14885151386261,,,,,,21028.291677189725,1.8753074407577515,518.972107
sparse,11878400,1450,5.056522607803345,,,,,,21584.181998499458,1.3713420629501343,538.962561
sparse,12288000,1500,4.861028075218201,,,,,,23582.963841954857,2.011606454849243,556.4579238
sparse,12697600,1550,4.4693440198898315,,,,,,25877.961655630104,2.0601232051849365,572.7602359
sparse,13107200,1600,4.54734194278717,,,,,,26165.476838035655,1.3116283416748047,588.8697959
sparse,13516800,1650,4.36997127532959,,,,,,18810.493463171886,1.386994481086731,606.0748534
sparse,13926400,1700,5.440369248390198,,,,,,21388.72120930198,2.0871901512145996,624.1142705999999
sparse,14336000,1750,4.594410061836243,,,,,,25492.501308533054,1.6641275882720947,642.4162369
sparse,14745600,1800,4.762377381324768,,,,,,24337.716716946397,1.397839069366455,660.9948075000001
sparse,15155200,1850,4.984972238540649,,,,,,25027.99304031566,1.744635820388794,679.2768007999999
sparse,15564800,1900,4.90491247177124,,,,,,24378.296887902652,1.2003822326660156,697.3230871
sparse,15974400,1950,4.558742642402649,,,,,,25058.27915815208,1.5821436643600464,715.3839180000001
sparse,16384000,2000,4.561303615570068,,,,,,18772.074431097244,1.7292722463607788,734.5986514
sparse,16384000,2000,,4.781968906521797,6.898922827124216,,,,,,734.5986514
sparse,16793600,2050,5.119825601577759,,,,,,18374.729184713957,1.3849482536315918,760.8586411
sparse,17203200,2100,4.222979485988617,,,,,,25616.010006254986,1.394204020500183,779.9968091
sparse,17612800,2150,4.368042349815369,,,,,,20076.359767773825,1.4314913749694824,798.3265321
sparse,18022400,2200,5.010521650314331,,,,,,19630.838628847123,2.9296071529388428,818.0374883000001
sparse,18432000,2250,4.121283531188965,,,,,,25760.293425830696,1.988413691520691,836.5271984
sparse,18841600,2300,4.154798626899719,,,,,,24722.5204899373,1.7108138799667358,855.674772
sparse,19251200,2350,3.2756687998771667,,,,,,25447.30819851157,1.311888575553894,873.0207552999999
sparse,19660800,2400,4.7412428855896,,,,,,23411.35976789623,1.971529245376587,890.7109911000001
sparse,20004864,2442,4.778624773025513,,,,,,16736.829094131157,1.5961050987243652,905.9263019000001
sparse,20070400,2450,4.347842693328857,,,,,,23099.60492117921,1.5543773174285889,956.1804835
sparse,20480000,2500,4.145583093166351,,,,,,20866.97279371484,1.6620087623596191,973.8866832000001
sparse,20889600,2550,3.9228044152259827,,,,,,25000.06866473415,1.5523622035980225,991.7136158000001
sparse,21299200,2600,4.961079478263855,,,,,,25742.08828291392,2.09781813621521,1007.6449687000002
sparse,21708800,2650,4.945633053779602,,,,,,25744.159246732535,2.0286595821380615,1023.8364063000001
sparse,22118400,2700,4.238501667976379,,,,,,25738.667068835854,1.7984867095947266,1040.1501119000002
sparse,22528000,2750,3.82543021440506,,,,,,25445.213585106394,1.7522798776626587,1056.2238795
sparse,22937600,2800,3.6564844250679016,,,,,,26246.7948440811,2.8966569900512695,1072.4793780000002
sparse,23347200,2850,4.1712634563446045,,,,,,25745.955430466423,1.7186998128890991,1088.5023502000001
sparse,23756800,2900,3.857230544090271,,,,,,25993.649451918063,1.8781157732009888,1104.7125335000003
sparse,24166400,2950,3.6210734248161316,,,,,,24988.07331949535,1.9724774360656738,1121.1945741000002
sparse,24576000,3000,3.85037899017334,,,,,,22562.74437005828,1.893671989440918,1137.9571557000002
sparse,24576000,3000,,4.014067992568016,5.791075986668994,,,,,,1137.9571557000002
sparse,24985600,3050,4.458887875080109,,,,,,24596.538109316964,1.52742338180542,1161.6889677000001
sparse,25395200,3100,3.243030846118927,,,,,,25836.394939815218,1.8973171710968018,1178.0381181
sparse,25804800,3150,3.7251051664352417,,,,,,22676.02569433386,1.5616916418075562,1194.2753213000003
sparse,26214400,3200,3.543505072593689,,,,,,22778.720248559923,1.68403959274292,1210.6373812
sparse,26624000,3250,4.544986128807068,,,,,,25417.52599231015,1.7267893552780151,1226.5158480000002
sparse,27033600,3300,3.2934364080429077,,,,,,26120.68316808795,1.8738601207733154,1242.2976095000001
sparse,27443200,3350,3.749296188354492,,,,,,24509.561930461998,1.7071192264556885,1258.5715456
sparse,27852800,3400,3.772661566734314,,,,,,22082.689861407616,1.7105801105499268,1275.4437456000003
sparse,28262400,3450,3.65937739610672,,,,,,25396.7466618756,1.635926604270935,1292.8239138000001
sparse,28672000,3500,3.3152524828910828,,,,,,24323.134263868822,1.505215048789978,1309.2824138000003
sparse,29081600,3550,4.118788242340088,,,,,,19206.372614416465,1.8138564825057983,1326.0152708000003
sparse,29491200,3600,2.8608704209327698,,,,,,24149.569319908314,1.7806332111358643,1342.9460867
sparse,29900800,3650,3.4667710065841675,,,,,,24279.045423324475,1.862446904182434,1358.9990569
sparse,30310400,3700,3.975628614425659,,,,,,25563.603819057877,1.7553807497024536,1375.563918
sparse,30720000,3750,3.2097432613372803,,,,,,25813.64013918861,1.5789321660995483,1391.713998
sparse,31129600,3800,4.598852097988129,,,,,,25276.016756466513,1.6777182817459106,1408.1433309000001
sparse,31539200,3850,3.691970467567444,,,,,,25513.318500397658,1.798141598701477,1424.4914528000002
sparse,31948800,3900,2.610883593559265,,,,,,23123.945703890906,1.9941086769104004,1440.6660697
sparse,32358400,3950,3.795264720916748,,,,,,25669.862134160114,1.9248639345169067,1456.8518340000003
sparse,32768000,4000,3.8724165558815002,,,,,,25327.030019278027,1.8523656129837036,1473.5575505
sparse,32768000,4000,,3.6403441727161407,5.251906485106613,,,,,,1473.5575505
sparse,33177600,4050,3.9531152844429016,,,,,,25321.66739718642,2.5107767581939697,1497.2330825000001
sparse,33587200,4100,2.675014853477478,,,,,,25059.551613903226,1.9608306884765625,1513.6631662000002
sparse,33996800,4150,2.8522306084632874,,,,,,25372.158020982188,2.5520238876342773,1530.0272566
sparse,34406400,4200,3.458110749721527,,,,,,25576.142254800117,1.8234665393829346,1546.5672597
sparse,34816000,4250,3.3259357213974,,,,,,25553.26945847016,1.8717904090881348,1563.4571069
sparse,35225600,4300,3.4099332094192505,,,,,,25568.48683999259,1.725584864616394,1580.1833494000005
sparse,35635200,4350,3.573551654815674,,,,,,25388.891368273267,1.7102634906768799,1596.7646422
sparse,36044800,4400,3.227942615747452,,,,,,24785.711908466263,1.8059419393539429,1613.9775016
sparse,36454400,4450,3.048367291688919,,,,,,24653.20891967516,1.5862936973571777,1630.3283069000001
sparse,36864000,4500,3.321824789047241,,,,,,25678.986958956368,2.3695154190063477,1647.0609826000002
sparse,37273600,4550,3.707331657409668,,,,,,24874.549315811968,1.7441474199295044,1664.5301067000003
sparse,37683200,4600,3.0156882405281067,,,,,,25361.87576333883,1.667236566543579,1681.1146636
sparse,38092800,4650,2.8971193432807922,,,,,,23583.615605486983,1.631695032119751,1697.5828182000002
sparse,38502400,4700,4.387042999267578,,,,,,25927.81673034161,1.66140878200531,1713.9471672000002
sparse,38912000,4750,3.5400020480155945,,,,,,24351.462470007984,2.163594961166382,1730.5237839000004
sparse,39321600,4800,3.425747871398926,,,,,,25093.795412046195,1.7470102310180664,1747.5512987000004
sparse,39731200,4850,3.4759921431541443,,,,,,25927.824936529327,1.9786627292633057,1764.3614654
sparse,40140800,4900,3.697121560573578,,,,,,25477.62776910066,2.8117997646331787,1780.7016462000004
sparse,40550400,4950,3.2905245423316956,,,,,,25733.79159085667,1.4403680562973022,1797.3278171000004
sparse,40960000,5000,3.093842029571533,,,,,,20693.6986525625,1.5529216527938843,1816.090609
sparse,40960000,5000,,3.4474991261959076,4.973689892831871,,,,,,1816.090609
sparse,41369600,5050,3.266037791967392,,,,,,25646.10689153577,1.479768991470337,1844.3248889000004
sparse,41779200,5100,3.1641584634780884,,,,,,19826.50837083517,1.621557354927063,1864.4391655000002
sparse,42188800,5150,3.8027420043945312,,,,,,19949.619418141185,1.667689561843872,1884.8771188000003
sparse,42598400,5200,3.4906013011932373,,,,,,24463.531360922127,3.4953510761260986,1904.2454886000003
sparse,43008000,5250,3.0041279196739197,,,,,,23196.646227071436,1.7183588743209839,1921.9005079
sparse,43417600,5300,3.8407155871391296,,,,,,26332.470584881277,1.5996428728103638,1939.9217852000004
sparse,43827200,5350,3.0706037282943726,,,,,,25148.19692461929,1.6826595067977905,1956.7595635000005
sparse,44236800,5400,3.2805824875831604,,,,,,25494.968696165248,1.7728739976882935,1972.9396620000005
sparse,44646400,5450,3.3611897826194763,,,,,,22613.567477967714,1.6751376390457153,1989.1458908000002
sparse,45056000,5500,3.425501763820648,,,,,,22761.302784502615,2.0217783451080322,2006.5376966000001
sparse,45465600,5550,3.1250186562538147,,,,,,22714.933682476523,2.1826977729797363,2024.4223381000004
sparse,45875200,5600,2.276332199573517,,,,,,21873.366239489464,1.6177383661270142,2043.6472543000002
sparse,46284800,5650,3.3242271542549133,,,,,,23586.82742486657,1.848328948020935,2062.3677038000005
sparse,46694400,5700,3.4777349829673767,,,,,,23039.70552374594,1.6089307069778442,2080.5641904000004
sparse,47104000,5750,3.5459097027778625,,,,,,23181.378154439833,1.8899799585342407,2098.7417082
sparse,47513600,5800,3.1153618693351746,,,,,,22541.95177748653,1.7095530033111572,2116.676257
sparse,47923200,5850,3.1439968943595886,,,,,,22812.783958888383,3.329383373260498,2134.5795690000004
sparse,48332800,5900,2.6346511244773865,,,,,,21405.58274949472,1.4199988842010498,2152.4496499000006
sparse,48742400,5950,3.063269078731537,,,,,,23388.78080841376,1.4941943883895874,2170.6180687000005
sparse,49152000,6000,2.8526904582977295,,,,,,21256.4889117081,1.5944173336029053,2189.2581759000004
sparse,49152000,6000,,3.28861440718174,4.744467696637094,,,,,,2189.2581759000004
sparse,49561600,6050,2.67225980758667,,,,,,22175.28381629262,1.6047784090042114,2215.7062069000003
sparse,49971200,6100,3.1444008350372314,,,,,,21891.51567481507,1.482020616531372,2234.4961161
sparse,50003968,6104,3.245173752307892,,,,,,21893.744781781435,2.20442533493042,2236.0311195000004
sparse,50380800,6150,3.68997323513031,,,,,,24842.64103477146,2.0295722484588623,2308.2501395
sparse,50790400,6200,3.6699397563934326,,,,,,24770.977316596938,2.478231430053711,2325.9601948
sparse,51200000,6250,3.0650729537010193,,,,,,24318.498712703615,1.7489185333251953,2343.7714438000003
sparse,51609600,6300,3.4407767057418823,,,,,,23681.24215521535,4.190606117248535,2361.304043099999
sparse,52019200,6350,2.920549750328064,,,,,,22915.319892821586,1.5132290124893188,2379.3835332
sparse,52428800,6400,2.8776456713676453,,,,,,21899.960595008502,1.6769520044326782,2398.537513199999
sparse,52838400,6450,2.766627311706543,,,,,,22471.959427617174,1.7440000772476196,2415.990506799999
sparse,53248000,6500,3.9784764647483826,,,,,,23573.693691615186,1.656535029411316,2433.8293952000004
sparse,53657600,6550,3.0792630314826965,,,,,,22771.109488402944,1.8124419450759888,2451.4859632000007
sparse,54067200,6600,3.318593740463257,,,,,,23680.749273625963,1.613931655883789,2469.188798699999
sparse,54476800,6650,2.945983111858368,,,,,,24376.40356991571,1.7849050760269165,2486.6012928
sparse,54886400,6700,3.0015925765037537,,,,,,23676.18424997816,1.878899097442627,2503.8957107999995
sparse,55296000,6750,2.508012056350708,,,,,,22601.1894317218,1.5786668062210083,2521.1962038
sparse,55705600,6800,3.4302079677581787,,,,,,25892.766271540924,1.7135391235351562,2538.4033634999996
sparse,56115200,6850,2.0686511993408203,,,,,,22453.462923171355,1.8655650615692139,2555.7272159999993
sparse,56524800,6900,3.2171273231506348,,,,,,23582.84842932741,1.8204045295715332,2572.886362699999
sparse,56934400,6950,3.222710132598877,,,,,,22554.432667412326,1.9607809782028198,2590.051366399999
sparse,57344000,7000,2.793378233909607,,,,,,23716.186268195914,1.8114385604858398,2607.830812099999
sparse,57344000,7000,,3.1484504491090775,4.542253849414296,,,,,,2607.830812099999
sparse,57753600,7050,3.473892390727997,,,,,,24330.538925000816,1.8353407382965088,2632.1102556000005
sparse,58163200,7100,2.2515829205513,,,,,,23967.386565991863,1.7321314811706543,2649.5889862999993
sparse,58572800,7150,3.3992077112197876,,,,,,25936.107639844817,1.751845121383667,2667.0165151
sparse,58982400,7200,3.1246641278266907,,,,,,22578.7451652464,1.601863980293274,2684.1444654999996
sparse,59392000,7250,3.3313874006271362,,,,,,22492.88860092379,1.794010043144226,2701.5808438999993
sparse,59801600,7300,3.2947016954421997,,,,,,25476.193660170924,1.7768666744232178,2718.6526956
sparse,60211200,7350,2.8425687551498413,,,,,,20738.92023441784,2.005500078201294,2736.1623180000006
sparse,60620800,7400,3.180294692516327,,,,,,19861.77735267736,1.9720629453659058,2754.445382
sparse,61030400,7450,2.7178531289100647,,,,,,21017.51237013766,1.6163870096206665,2772.5653373999994
sparse,61440000,7500,3.0341824293136597,,,,,,23075.354327252182,1.9845502376556396,2790.426678
sparse,61849600,7550,3.420627236366272,,,,,,23766.144848114473,1.7154009342193604,2808.6179962999995
sparse,62259200,7600,2.5575342178344727,,,,,,23851.54046533718,2.119863986968994,2826.8490110000002
sparse,62668800,7650,3.346759080886841,,,,,,25534.44032444527,1.933388590812683,2845.0158348999994
sparse,63078400,7700,3.4012346863746643,,,,,,24374.133426941244,1.7601020336151123,2862.6600856999994
sparse,63488000,7750,3.089456081390381,,,,,,23157.35496198764,1.8472099304199219,2880.3128240999995
sparse,63897600,7800,3.290815234184265,,,,,,22092.87963104528,1.882972002029419,2897.9169048000003
sparse,64307200,7850,2.6789708137512207,,,,,,17686.37514371913,1.6855591535568237,2915.6702084999997
sparse,64716800,7900,2.720629870891571,,,,,,24617.426204879783,1.62761390209198,2933.7236859999994
sparse,65126400,7950,2.865813910961151,,,,,,25175.555862886424,1.951011061668396,2951.2976400000007
sparse,65536000,8000,2.6155218482017517,,,,,,23638.240278462323,1.7730807065963745,2969.0696826000003
sparse,65536000,8000,,3.085939794778824,4.452070038409315,,,,,,2969.0696826000003
sparse,65945600,8050,2.888104021549225,,,,,,24688.10622148347,1.6146571636199951,2994.0516062999995
sparse,66355200,8100,3.3325473070144653,,,,,,23751.068392270947,1.664789080619812,3011.7126097
sparse,66764800,8150,3.248435616493225,,,,,,23962.871589722545,1.6972527503967285,3029.3901411000006
sparse,67174400,8200,3.660146176815033,,,,,,22934.643265820476,1.6708171367645264,3047.1493422999993
sparse,67584000,8250,2.646231919527054,,,,,,23892.158635538075,1.6591053009033203,3065.2019908
sparse,67993600,8300,3.4038899540901184,,,,,,23766.255167003314,1.957353115081787,3082.5249728
sparse,68403200,8350,2.4686282873153687,,,,,,24131.450420332265,1.8404433727264404,3099.7560307000003
sparse,68812800,8400,2.861667215824127,,,,,,23068.732827571523,1.621272325515747,3116.922831
sparse,69222400,8450,2.7447667121887207,,,,,,21031.676652362632,1.7796767950057983,3134.125746399999
sparse,69632000,8500,2.925473690032959,,,,,,24235.61084571848,1.7801017761230469,3151.1786658
sparse,70000640,8545,3.8128479719161987,,,,,,24374.55406039975,2.1037282943725586,3167.0688377000006
sparse,70041600,8550,2.3339618742465973,,,,,,20099.1167135047,2.079636812210083,3217.053757999998
sparse,70451200,8600,3.6702077388763428,,,,,,17081.912273342816,1.697434663772583,3236.428974399998
sparse,70860800,8650,2.538385510444641,,,,,,20215.36570139498,1.8311690092086792,3255.576578099999
sparse,71270400,8700,2.6559277176856995,,,,,,21764.52600116204,1.8568207025527954,3274.620186099999
sparse,71680000,8750,3.1840800046920776,,,,,,22707.516542842102,1.6170239448547363,3293.884978199998
sparse,72089600,8800,4.057775259017944,,,,,,19712.290078642065,1.9171167612075806,3313.260327099999
sparse,72499200,8850,2.618529438972473,,,,,,22089.93071818893,1.9179767370224,3331.936184299999
sparse,72908800,8900,2.794383853673935,,,,,,22137.231921830975,1.889023780822754,3351.367900299998
sparse,73318400,8950,2.6110461354255676,,,,,,21875.574127015057,1.6097564697265625,3370.2971069999985
sparse,73728000,9000,2.2338372468948364,,,,,,19437.59114338778,2.149423122406006,3389.4025964999983
sparse,73728000,9000,,3.03256768733263,4.375070363674898,,,,,,3389.4025964999983
sparse,74137600,9050,2.5450151562690735,,,,,,23036.789967324345,1.6799070835113525,3416.855425599999
sparse,74547200,9100,3.065826892852783,,,,,,21255.159734128654,1.6828548908233643,3435.713599999999
sparse,74956800,9150,2.608871728181839,,,,,,21326.524396195517,1.4745692014694214,3455.0716662999985
sparse,75366400,9200,2.4700892865657806,,,,,,21777.827874245002,1.8076651096343994,3474.1125730999993
sparse,75776000,9250,2.9218040704727173,,,,,,18222.64684392194,1.7569538354873657,3493.2410538999993
sparse,76185600,9300,2.7739872336387634,,,,,,19704.67047835156,1.812859296798706,3512.242989199998
sparse,76595200,9350,1.9820214211940765,,,,,,20351.536016749196,1.4690645933151245,3532.2184485999987
sparse,77004800,9400,2.580753445625305,,,,,,22254.713234179613,1.8304972648620605,3551.684182599998
sparse,77414400,9450,3.676107168197632,,,,,,21062.12014200756,1.7910178899765015,3570.7369033999985
sparse,77824000,9500,3.464555501937866,,,,,,20633.341838230208,1.8208926916122437,3590.496296799998
sparse,78233600,9550,3.199743390083313,,,,,,21980.06822081016,1.8087644577026367,3609.5657864999994
sparse,78643200,9600,3.1761672496795654,,,,,,22074.133195513576,1.6624798774719238,3628.6263543999994
sparse,79052800,9650,3.4646247029304504,,,,,,22164.69406665897,1.8847332000732422,3647.6822624999986
sparse,79462400,9700,3.3650774359703064,,,,,,22564.503160875025,1.9122394323349,3666.762587899999
sparse,79872000,9750,2.9358537793159485,,,,,,20667.949162715588,1.7858551740646362,3685.932557599999
sparse,80281600,9800,2.6082341969013214,,,,,,19373.63468732818,1.995701789855957,3705.0176949999986
sparse,80691200,9850,3.5350858569145203,,,,,,19584.02123646673,1.7260587215423584,3723.596231399999
sparse,81100800,9900,2.8116315603256226,,,,,,20221.70812211181,1.860376238822937,3742.7454928999978
sparse,81510400,9950,3.6443437337875366,,,,,,20460.833314361495,1.8298519849777222,3761.7244435999983
sparse,81920000,10000,2.4701218008995056,,,,,,19705.210815989285,2.01124906539917,3780.7970097999987
sparse,81920000,10000,,2.9890195429325104,4.312243671708929,,,,,,3780.7970097999987
sparse,82329600,10050,2.4007126092910767,,,,,,21180.103009924365,1.6995940208435059,3807.896005399998
sparse,82739200,10100,2.534838378429413,,,,,,20229.483138123338,1.6115162372589111,3827.4938329999986
sparse,83148800,10150,3.2318816781044006,,,,,,20456.40353849304,1.9347552061080933,3847.0436923999987
sparse,83558400,10200,3.027547597885132,,,,,,19166.944507751843,1.8818312883377075,3866.979680399998
sparse,83968000,10250,3.3729028701782227,,,,,,19542.474227033417,2.0295732021331787,3886.652166499998
sparse,84377600,10300,2.4823173880577087,,,,,,20659.041583865514,1.8777092695236206,3906.433374199998
sparse,84787200,10350,2.5864383578300476,,,,,,19975.66928359558,2.171989917755127,3926.443372599999
sparse,85196800,10400,3.6384172439575195,,,,,,20660.646361528554,2.0280959606170654,3946.3629490999992
sparse,85606400,10450,3.139142870903015,,,,,,19558.26306774332,2.092402458190918,3965.761037799999
sparse,86016000,10500,3.0491210520267487,,,,,,21578.661359133832,2.1226625442504883,3984.9847827999984
sparse,86425600,10550,3.0515527725219727,,,,,,20268.824188044113,1.9540464878082275,4004.183767599996
sparse,86835200,10600,3.525781810283661,,,,,,22667.787143020174,1.8174355030059814,4023.3363479
sparse,87244800,10650,2.2837772965431213,,,,,,21338.606858755054,1.9101849794387817,4042.6193798999993
sparse,87654400,10700,3.2654696106910706,,,,,,19442.13969860783,1.6247252225875854,4061.680254499999
sparse,88064000,10750,2.4266982972621918,,,,,,21694.007507097813,1.6498820781707764,4080.651600399997
sparse,88473600,10800,3.1949543058872223,,,,,,21336.906153832977,2.336210250854492,4099.777021799997
sparse,88883200,10850,2.5890744030475616,,,,,,21496.488320802397,2.235117197036743,4118.699743000001
sparse,89292800,10900,2.8113489151000977,,,,,,20339.984630773917,1.918137550354004,4138.119350199999
sparse,89702400,10950,2.6639179587364197,,,,,,22495.297461262075,2.2389237880706787,4157.481940099999
sparse,90112000,11000,3.5912598371505737,,,,,,20993.189001726463,1.7863414287567139,4177.309733899998
sparse,90112000,11000,,2.964939683675766,4.277503778173919,,,,,,4177.309733899998
sparse,90521600,11050,3.7300248742103577,,,,,,21151.491100119307,1.9658910036087036,4204.812829699997
sparse,90931200,11100,2.5287476181983948,,,,,,21732.544325953037,2.582676649093628,4224.152386999998
sparse,91340800,11150,2.8825590014457703,,,,,,22293.813521197284,1.9502270221710205,4243.471155099996
sparse,91750400,11200,3.2998656034469604,,,,,,21799.90813807946,2.2450954914093018,4262.821410599998
sparse,92160000,11250,2.3917916417121887,,,,,,21981.53679705502,1.7249454259872437,4282.0259128
sparse,92569600,11300,3.3990880250930786,,,,,,20303.179608737668,1.7038588523864746,4301.141825999999
sparse,92979200,11350,2.2656041383743286,,,,,,20342.899031907782,2.253525495529175,4320.168827199999
sparse,93388800,11400,2.6859557032585144,,,,,,20858.381468987507,2.0875391960144043,4339.126507699999
sparse,93798400,11450,3.245286762714386,,,,,,23084.939162513354,2.3903119564056396,4358.001288899999
sparse,94208000,11500,2.2162702679634094,,,,,,21889.088161285596,1.9595097303390503,4377.174104399997
sparse,94617600,11550,2.998350143432617,,,,,,22185.324916721733,2.031259536743164,4396.234278399999
sparse,95027200,11600,2.065034508705139,,,,,,21369.622736919915,1.7404958009719849,4415.434070599997
sparse,95436800,11650,3.0364967584609985,,,,,,20638.696093980496,1.8670827150344849,4434.681382899998
sparse,95846400,11700,3.0782755613327026,,,,,,22312.175442560914,1.7380274534225464,4454.157663399998
sparse,96256000,11750,3.0959399342536926,,,,,,21377.5023708095,1.7411853075027466,4473.390187399997
sparse,96665600,11800,3.158936381340027,,,,,,20392.201376960176,1.9664006233215332,4492.390927599998
sparse,97075200,11850,2.8736143112182617,,,,,,21756.456756976237,2.1090211868286133,4511.430747199996
sparse,97484800,11900,2.3847912549972534,,,,,,21430.518502364146,1.7591091394424438,4530.5484846
sparse,97894400,11950,3.1445725560188293,,,,,,19577.436144466672,1.920167088508606,4549.397368999998
sparse,98304000,12000,2.631236284971237,,,,,,18888.353964836413,2.162306547164917,4568.305842099999
sparse,98304000,12000,,2.945358522236347,4.249254133670424,,,,,,4568.305842099999
sparse,98713600,12050,2.637113571166992,,,,,,20522.131936850972,2.3924360275268555,4595.636375899998
sparse,99123200,12100,2.886593997478485,,,,,,20669.680490455954,1.847320795059204,4614.697066299999
sparse,99532800,12150,2.639613598585129,,,,,,19951.145023282144,1.797181487083435,4633.861036099999
sparse,99942400,12200,3.6750128865242004,,,,,,21642.414059180614,3.049468994140625,4652.920150199996
sparse,100007936,12208,2.6266367435455322,,,,,,19921.728423927394,2.2197153568267822,4655.948519199999
memory,409600,50,9.827309608459473,,,,,,23045.61016571923,1.6903647184371948,18.95241890000034
memory,819200,100,8.679718971252441,,,,,,21620.366216044727,1.3763781785964966,37.24023719999968
memory,1228800,150,7.708003044128418,,,,,,22426.373765952703,1.3123564720153809,55.40280569999959
memory,1638400,200,7.413341045379639,,,,,,19707.069044969376,1.2846559286117554,73.61836870000025
memory,2048000,250,7.295502185821533,,,,,,25119.287485569195,1.886553406715393,91.87350950000018
memory,2457600,300,6.938650012016296,,,,,,17750.597175843144,1.4902924299240112,110.10576870000023
memory,2867200,350,6.701645255088806,,,,,,23043.39313961487,1.5391247272491455,128.8101703000002
memory,3276800,400,6.160314440727234,,,,,,22948.919324957737,2.0968315601348877,146.77381369999966
memory,3686400,450,6.325855135917664,,,,,,21522.631604131035,1.5057154893875122,164.55040530000042
memory,4096000,500,6.340277552604675,,,,,,22412.48883412235,1.4112683534622192,182.27751210000042
memory,4505600,550,6.459474802017212,,,,,,22272.586882688072,2.074862241744995,200.14253420000023
memory,4915200,600,6.218461751937866,,,,,,15916.630430676569,2.531198740005493,218.47845130000042
memory,5324800,650,6.204901933670044,,,,,,21081.551532209753,1.3801263570785522,237.11248350000005
memory,5734400,700,6.126709342002869,,,,,,25203.96691733938,1.7061618566513062,255.02144719999978
memory,6144000,750,5.634106755256653,,,,,,23003.230055603377,1.7599880695343018,274.01942119999967
memory,6553600,800,5.320758581161499,,,,,,23322.38008984207,1.969207525253296,291.6943760000004
memory,6963200,850,5.293054938316345,,,,,,22637.219490649408,1.508796215057373,310.2023583
memory,7372800,900,5.274057030677795,,,,,,23918.40181161295,2.831822395324707,328.2186359999996
memory,7782400,950,5.2637335658073425,,,,,,24107.277384342644,1.7605350017547607,345.8333284999999
memory,8192000,1000,5.081987380981445,,,,,,24275.124398166143,2.271408796310425,363.82282360000045
memory,8192000,1000,,5.4877282083034515,7.917118271865866,,,,,,363.82282360000045
memory,8601600,1050,5.28995144367218,,,,,,22298.273707484772,3.2097554206848145,389.1356318999997
memory,9011200,1100,5.408198356628418,,,,,,22821.649588516622,3.2684993743896484,407.1172196999996
memory,9420800,1150,5.494584083557129,,,,,,21219.560020525238,1.70343816280365,427.3834114000001
memory,9830400,1200,5.476674318313599,,,,,,23184.304180814095,1.6877081394195557,445.42352070000015
memory,10240000,1250,5.307933211326599,,,,,,24160.751578658113,2.49135422706604,463.8607073000003
memory,10649600,1300,5.048568248748779,,,,,,22042.344872783287,1.8484914302825928,481.8746425999998
memory,11059200,1350,5.134677052497864,,,,,,23335.860055486603,1.9239766597747803,499.89992150000035
memory,11468800,1400,5.148900628089905,,,,,,21951.720149904027,2.208991050720215,518.1639284000003
memory,11878400,1450,4.998404443264008,,,,,,23393.850261685235,1.4731523990631104,536.1921573999998
memory,12288000,1500,4.8140034675598145,,,,,,24204.80479557525,1.8581463098526,554.1707232999997
memory,12697600,1550,4.372376084327698,,,,,,24290.355139742747,2.200700521469116,571.9688420000002
memory,13107200,1600,4.471069812774658,,,,,,21902.01575010754,1.5106948614120483,589.8801230999998
memory,13516800,1650,4.325224339962006,,,,,,24277.591978217595,1.5618500709533691,607.5284619000004
memory,13926400,1700,5.2284334897994995,,,,,,23133.08754426929,2.0626449584960938,625.1802778000001
memory,14336000,1750,4.409804105758667,,,,,,23438.28010175357,1.613029956817627,643.1562038000002
memory,14745600,1800,4.6566455364227295,,,,,,18112.481339204067,1.5419063568115234,663.8524576
memory,15155200,1850,4.719683766365051,,,,,,21108.36978300951,1.8259961605072021,684.0241053
memory,15564800,1900,4.750634431838989,,,,,,20913.906037058256,1.503920555114746,704.4029599000005
memory,15974400,1950,4.355568170547485,,,,,,18867.10757475182,1.7125968933105469,724.8126622
memory,16384000,2000,4.41804176568985,,,,,,20325.91936823567,2.5253138542175293,743.6140254000002
memory,16384000,2000,,4.52623350918293,6.529974637603663,,,,,,743.6140254000002
memory,16793600,2050,4.928943634033203,,,,,,23178.37416950285,1.442574381828308,770.0181092000003
memory,17203200,2100,4.02599173784256,,,,,,23332.08489207326,1.5672805309295654,789.1331925000004
memory,17612800,2150,4.001495361328125,,,,,,22346.606450089344,1.6975454092025757,807.8732874999996
memory,18022400,2200,4.762054800987244,,,,,,22015.38012946113,1.9459080696105957,826.5960463000001
memory,18432000,2250,3.848448157310486,,,,,,22232.408457510333,1.9211779832839966,845.6160645999998
memory,18841600,2300,3.750706374645233,,,,,,24509.884586304495,1.7683947086334229,863.6466609999998
memory,19251200,2350,3.056980550289154,,,,,,24186.12451008761,1.5681267976760864,882.2839550999997
memory,19660800,2400,4.451914310455322,,,,,,21217.356170292947,1.9192006587982178,900.7627070999997
memory,20004864,2442,4.469272077083588,,,,,,22972.415154587354,1.8098015785217285,915.5908577
memory,20070400,2450,4.137432217597961,,,,,,16708.393458986917,1.707695722579956,1002.8383344000003
memory,20480000,2500,3.9231903553009033,,,,,,22004.9011404883,1.576424479484558,1022.9893669000003
memory,20889600,2550,3.7560002207756042,,,,,,19942.825050135274,1.511537790298462,1041.6569659000006
memory,21299200,2600,4.763427734375,,,,,,20255.132581853188,2.055260419845581,1061.8741518000006
memory,21708800,2650,4.687445759773254,,,,,,19195.531040448157,2.2468411922454834,1080.9275677000005
memory,22118400,2700,3.9994797110557556,,,,,,20688.592736243387,1.8230369091033936,1099.3436368000002
memory,22528000,2750,3.5422938466072083,,,,,,23180.24336987074,1.703673243522644,1117.8765797000005
memory,22937600,2800,3.4052976965904236,,,,,,18723.08214114857,1.5945671796798706,1136.3102055
memory,23347200,2850,3.9642934799194336,,,,,,21409.834463170377,1.7020263671875,1156.0745227000007
memory,23756800,2900,3.6346574425697327,,,,,,17576.687202147223,1.798192024230957,1178.3816745000004
memory,24166400,2950,3.411292850971222,,,,,,21377.49121361295,1.7703139781951904,1197.4561135000004
memory,24576000,3000,3.6767855286598206,,,,,,21768.16374165642,1.8599640130996704,1216.9313431
memory,24576000,3000,,3.8579021245241165,5.565776263285939,,,,,,1216.9313431
memory,24985600,3050,4.327413618564606,,,,,,16531.794240505344,1.5251941680908203,1244.1705638000003
memory,25395200,3100,3.1067394018173218,,,,,,18516.61398217121,1.9252378940582275,1267.7424249000005
memory,25804800,3150,3.6141874492168427,,,,,,20053.673932430043,1.9765610694885254,1288.7197835000006
memory,26214400,3200,3.411906123161316,,,,,,19630.46229835331,1.4985277652740479,1308.9135959000005
memory,26624000,3250,4.414831519126892,,,,,,18264.200850940506,1.5153309106826782,1329.1457562000005
memory,27033600,3300,3.1726587414741516,,,,,,19735.521843385777,1.8600378036499023,1349.0558127000004
memory,27443200,3350,3.652159810066223,,,,,,17775.659974557766,1.7092307806015015,1369.7229082999993
memory,27852800,3400,3.6590492725372314,,,,,,19824.3109164334,1.5658804178237915,1390.0204258999993
memory,28262400,3450,3.559230387210846,,,,,,23349.794862703206,1.6112948656082153,1409.9663121999993
memory,28672000,3500,3.2232118248939514,,,,,,23575.620414074234,1.657080054283142,1428.5259694999995
memory,29081600,3550,4.04044109582901,,,,,,22957.19626274931,1.7417511940002441,1446.8116999000003
memory,29491200,3600,2.786519944667816,,,,,,21762.432972013285,1.6285409927368164,1465.1726634000015
memory,29900800,3650,3.379681348800659,,,,,,23757.41911830722,1.9489378929138184,1484.1470105000017
memory,30310400,3700,3.8913379907608032,,,,,,20791.308258522906,1.8795992136001587,1502.9813667000008
memory,30720000,3750,3.147691488265991,,,,,,22274.100865336462,1.6539016962051392,1521.6293465999997
memory,31129600,3800,4.521910905838013,,,,,,21567.20268747176,1.9751877784729004,1540.1590330000008
memory,31539200,3850,3.6385011076927185,,,,,,18283.23707031418,2.0474812984466553,1558.3436075
memory,31948800,3900,2.4954857230186462,,,,,,19913.07476151755,1.7958340644836426,1577.396032900001
memory,32358400,3950,3.7252179980278015,,,,,,21513.486371800624,1.9624665975570679,1596.4751676000005
memory,32768000,4000,3.8000491857528687,,,,,,20558.76061190402,1.9868338108062744,1614.7298698999994
memory,32768000,4000,,3.595955476164818,5.187867132720494,,,,,,1614.7298698999994
memory,33177600,4050,3.860736131668091,,,,,,22395.04509625282,2.097613573074341,1640.8768752000005
memory,33587200,4100,2.648061990737915,,,,,,23067.05044172017,2.059807300567627,1659.7911895000007
memory,33996800,4150,2.785725474357605,,,,,,23659.629428765176,2.3082590103149414,1678.3925468000007
memory,34406400,4200,3.397071659564972,,,,,,23245.961397282237,1.828831434249878,1697.0548873000016
memory,34816000,4250,3.2837623953819275,,,,,,23697.861522568957,1.7188841104507446,1715.3855876999996
memory,35225600,4300,3.352939009666443,,,,,,22176.088210625836,1.8122763633728027,1733.7415632000002
memory,35635200,4350,3.534775137901306,,,,,,22491.239755462226,1.576490879058838,1751.7711534
memory,36044800,4400,3.1831016540527344,,,,,,20873.746702502194,1.6898200511932373,1770.2981985000015
memory,36454400,4450,3.0089623034000397,,,,,,18070.948325493246,1.7268437147140503,1788.953547
memory,36864000,4500,3.2458788752555847,,,,,,22832.58381403052,2.5632197856903076,1807.0617417000003
memory,37273600,4550,3.6362156867980957,,,,,,20715.944247028765,1.7960010766983032,1825.0208369000002
memory,37683200,4600,2.9551085829734802,,,,,,22536.692965907107,1.845839262008667,1843.0536201000004
memory,38092800,4650,2.839008092880249,,,,,,23140.739594096416,1.5617620944976807,1861.4117947999994
memory,38502400,4700,4.359573841094971,,,,,,24113.032193175313,1.5613957643508911,1879.2347811000009
memory,38912000,4750,3.4631667733192444,,,,,,23801.022060990104,1.8027230501174927,1897.7925700999995
memory,39321600,4800,3.38750958442688,,,,,,24119.96857806704,1.9611120223999023,1915.9311964000017
memory,39731200,4850,3.442669093608856,,,,,,23478.21501369486,1.853285789489746,1934.0923687000004
memory,40140800,4900,3.657862663269043,,,,,,21544.02718671262,2.374467372894287,1952.083835800001
memory,40550400,4950,3.233634114265442,,,,,,20835.246155806166,1.36843740940094,1970.347221500001
memory,40960000,5000,3.0394190549850464,,,,,,22773.5846434238,1.491910696029663,1988.4260241999991
memory,40960000,5000,,3.422485813498497,4.937603310647112,,,,,,1988.4260241999991
memory,41369600,5050,3.227181911468506,,,,,,21555.892307864746,1.488473653793335,2013.7782020000004
memory,41779200,5100,3.1094335317611694,,,,,,23595.958385573223,1.4740170240402222,2032.1089667000006
memory,42188800,5150,3.8050442934036255,,,,,,23121.393809063546,1.6794519424438477,2050.290624
memory,42598400,5200,3.4701057076454163,,,,,,22343.936793313263,3.084167957305908,2068.3089052000005
memory,43008000,5250,2.9745830297470093,,,,,,24284.162646951052,1.5880993604660034,2086.7491536999996
memory,43417600,5300,3.8260408639907837,,,,,,23011.50743915736,1.7795615196228027,2104.8007420000004
memory,43827200,5350,3.0191771388053894,,,,,,19872.439895078645,1.7402172088623047,2122.8174052000004
memory,44236800,5400,3.275421917438507,,,,,,20881.248857729624,1.8107656240463257,2140.9136556999993
memory,44646400,5450,3.3347102999687195,,,,,,21656.780737495497,1.7689703702926636,2158.901707
memory,45056000,5500,3.4148306250572205,,,,,,23240.07233014108,2.1992151737213135,2177.0855157000015
memory,45465600,5550,3.097791910171509,,,,,,22640.647978025052,2.2023162841796875,2194.964079800001
memory,45875200,5600,2.2495547235012054,,,,,,23208.488550021877,1.545487642288208,2213.3451347
memory,46284800,5650,3.2610540986061096,,,,,,23597.33135839608,1.7485665082931519,2231.4646129000002
memory,46694400,5700,3.4508039951324463,,,,,,23850.47799947525,1.562637209892273,2249.8228449000007
memory,47104000,5750,3.5152456760406494,,,,,,21335.528003566324,1.8581349849700928,2268.0149783999996
memory,47513600,5800,3.063246428966522,,,,,,19890.041479670832,1.6476775407791138,2286.117742700001
memory,47923200,5850,3.1486859917640686,,,,,,22560.153294475076,4.016689300537109,2304.0650711000008
memory,48332800,5900,2.5976725816726685,,,,,,22624.6405866601,1.6108105182647705,2322.453524900001
memory,48742400,5950,3.0231692492961884,,,,,,23294.57255232091,1.3678326606750488,2340.323054199999
memory,49152000,6000,2.837101995944977,,,,,,22211.117868282385,1.5937904119491577,2358.246858700001
memory,49152000,6000,,3.2761644273996353,4.7265061725462845,,,,,,2358.246858700001
memory,49561600,6050,2.6426734924316406,,,,,,23862.761159138878,1.5743370056152344,2383.5815472000004
memory,49971200,6100,3.133246600627899,,,,,,21727.74855220392,1.6365329027175903,2401.7902282000005
memory,50003968,6104,3.222632586956024,,,,,,23805.822139316217,2.0472686290740967,2403.1818175
memory,50380800,6150,3.6838813424110413,,,,,,23233.151710842518,2.459395170211792,2496.204251600002
memory,50790400,6200,3.662753105163574,,,,,,21552.50661016474,2.496765613555908,2514.6929161999997
memory,51200000,6250,3.0008115768432617,,,,,,21860.793286255972,1.6916759014129639,2533.232338300002
memory,51609600,6300,3.4240360260009766,,,,,,22782.717617823495,1.8201217651367188,2552.260007400002
memory,52019200,6350,2.902188003063202,,,,,,15869.578103974354,1.548464298248291,2571.7970031999994
memory,52428800,6400,2.8589394092559814,,,,,,18337.69017625915,1.664489507675171,2593.1332968000006
memory,52838400,6450,2.737240433692932,,,,,,24040.464985726143,2.040358066558838,2611.692003099999
memory,53248000,6500,3.9585376381874084,,,,,,22767.426238557437,1.676378846168518,2630.317451500001
memory,53657600,6550,3.076241910457611,,,,,,21566.02739920851,1.8821384906768799,2648.670559799999
memory,54067200,6600,3.2963284254074097,,,,,,20005.54352826579,1.5046343803405762,2666.8372590000017
memory,54476800,6650,2.9413563013076782,,,,,,16906.40800745689,1.743171215057373,2685.2743188000004
memory,54886400,6700,2.993366301059723,,,,,,22426.742137859263,1.8400468826293945,2703.540828700001
memory,55296000,6750,2.492737889289856,,,,,,21776.444277743787,1.7493096590042114,2721.940094399999
memory,55705600,6800,3.4196466207504272,,,,,,22811.418184104426,1.8134721517562866,2740.1030763
memory,56115200,6850,2.033927470445633,,,,,,22954.49450799874,1.7164368629455566,2758.4164094999996
memory,56524800,6900,3.216971516609192,,,,,,23198.70232267666,2.0485270023345947,2776.785635099999
memory,56934400,6950,3.1958415508270264,,,,,,23353.189626134954,1.6185156106948853,2795.059955400002
memory,57344000,7000,2.8064475655555725,,,,,,23135.694292521206,1.9145188331604004,2813.6521438
memory,57344000,7000,,3.131340280175209,4.5175690935446315,,,,,,2813.6521438
memory,57753600,7050,3.447089672088623,,,,,,21136.59239011343,1.764961838722229,2839.5296217000014
memory,58163200,7100,2.20804226398468,,,,,,22579.01276360593,1.704256534576416,2857.738183700001
memory,58572800,7150,3.3903775215148926,,,,,,19574.007285747513,1.8269046545028687,2876.1918382999993
memory,58982400,7200,3.1056477427482605,,,,,,21163.463471022354,1.6787264347076416,2894.243456800001
memory,59392000,7250,3.334803581237793,,,,,,22132.97345637418,1.9392204284667969,2912.4711783000002
memory,59801600,7300,3.29046893119812,,,,,,23530.053812936087,1.7383551597595215,2930.7591827000015
memory,60211200,7350,2.817521870136261,,,,,,23550.191345331736,1.8199571371078491,2949.1069598000013
memory,60620800,7400,3.169239103794098,,,,,,22736.217139742683,1.9693803787231445,2967.4584909999994
memory,61030400,7450,2.7023485898971558,,,,,,23155.42399977114,1.6819566488265991,2985.742358100002
memory,61440000,7500,3.0330058932304382,,,,,,21310.452345053083,1.6955897808074951,3004.5151005999996
memory,61849600,7550,3.402150511741638,,,,,,23624.504194066158,1.8316843509674072,3022.7387169000012
memory,62259200,7600,2.5246038138866425,,,,,,21386.314586133172,2.010446786880493,3040.9027265000022
memory,62668800,7650,3.337993562221527,,,,,,23241.641577088427,2.0633394718170166,3059.1000729999996
memory,63078400,7700,3.38811331987381,,,,,,22949.10576361343,1.8805530071258545,3077.2104514000002
memory,63488000,7750,3.074616014957428,,,,,,19113.437035598,1.7571117877960205,3095.3269363000018
memory,63897600,7800,3.2906786799430847,,,,,,21406.651113454358,1.6378192901611328,3114.0894277999996
memory,64307200,7850,2.6723654866218567,,,,,,23847.374474593256,2.1097917556762695,3133.4104098000007
memory,64716800,7900,2.71598219871521,,,,,,22780.15812635969,1.665585994720459,3151.7616972000014
memory,65126400,7950,2.868632137775421,,,,,,23674.165797721573,2.103318214416504,3170.262653
memory,65536000,8000,2.594091773033142,,,,,,22673.477566688398,1.5343455076217651,3189.020067399999
memory,65536000,8000,,3.0712810307741165,4.430921912274162,,,,,,3189.020067399999
memory,65945600,8050,2.8681479692459106,,,,,,22535.341450901364,1.9675970077514648,3214.4323496000015
memory,66355200,8100,3.307245373725891,,,,,,21738.67469978342,1.8145687580108643,3233.0196769000013
memory,66764800,8150,3.2172828316688538,,,,,,24190.34541812358,1.6432931423187256,3251.3139522
memory,67174400,8200,3.6280916333198547,,,,,,20803.43094091343,1.7274987697601318,3269.9134206
memory,67584000,8250,2.6336200833320618,,,,,,20662.861155474755,1.6014599800109863,3288.2179866999995
memory,67993600,8300,3.3502917885780334,,,,,,22146.18482486812,1.6833544969558716,3306.6603153000015
memory,68403200,8350,2.460922420024872,,,,,,23214.52608154782,1.8629194498062134,3324.783479800002
memory,68812800,8400,2.860787272453308,,,,,,21411.720303113092,1.864188551902771,3342.855543800002
memory,69222400,8450,2.73306006193161,,,,,,23060.440197668253,1.8582942485809326,3360.911670899999
memory,69632000,8500,2.9217076301574707,,,,,,24253.11823688112,1.7581771612167358,3379.072184400002
memory,70000640,8545,3.7772704362869263,,,,,,24132.843763386107,1.9123976230621338,3395.2719474000023
memory,70041600,8550,2.31374192237854,,,,,,19809.68483697568,2.0664050579071045,3473.634378800005
memory,70451200,8600,3.653485119342804,,,,,,18729.537431684894,1.8383392095565796,3494.8324170000014
memory,70860800,8650,2.51970511674881,,,,,,20396.161577870767,1.8590421676635742,3515.0231437
memory,71270400,8700,2.634305000305176,,,,,,20659.380233723004,1.589263916015625,3534.9630768000025
memory,71680000,8750,3.174451172351837,,,,,,20349.276249334172,1.6898705959320068,3555.680536600001
memory,72089600,8800,4.039644479751587,,,,,,21109.52291499745,1.7027369737625122,3575.662667800003
memory,72499200,8850,2.620957136154175,,,,,,21265.036018459617,2.1768364906311035,3595.845087700003
memory,72908800,8900,2.7870911061763763,,,,,,19514.900360086176,1.8680599927902222,3616.3472549000035
memory,73318400,8950,2.5795000791549683,,,,,,18706.869385309183,1.5598293542861938,3637.1225218000036
memory,73728000,9000,2.2484368681907654,,,,,,18814.03593221969,2.1989545822143555,3657.9576362000043
memory,73728000,9000,,3.012984484434128,4.346817773968507,,,,,,3657.9576362000043
memory,74137600,9050,2.5393585562705994,,,,,,20708.513266797134,1.6793172359466553,3686.930541800004
memory,74547200,9100,3.064903140068054,,,,,,20913.890019291804,1.7134456634521484,3707.4577181000022
memory,74956800,9150,2.604470282793045,,,,,,22686.651154473828,1.4256118535995483,3726.810744600003
memory,75366400,9200,2.464473068714142,,,,,,20223.08591652141,1.7800681591033936,3746.282407200004
memory,75776000,9250,2.913719892501831,,,,,,21018.181034399502,1.734021544456482,3765.446077800003
memory,76185600,9300,2.7628613710403442,,,,,,23411.61401244726,2.0360329151153564,3784.424709500003
memory,76595200,9350,1.9824120998382568,,,,,,23136.269293496836,1.7438290119171143,3803.048126700003
memory,77004800,9400,2.5715695917606354,,,,,,18786.043657358485,1.702919840812683,3822.4790071000025
memory,77414400,9450,3.669045150279999,,,,,,21586.263631729133,1.9064915180206299,3841.4896836000007
memory,77824000,9500,3.4551259875297546,,,,,,22991.028390974494,1.763424038887024,3859.926630500002
memory,78233600,9550,3.1957127451896667,,,,,,21376.73255385144,1.6972748041152954,3878.330706200002
memory,78643200,9600,3.1544163823127747,,,,,,22428.952623793037,1.935739517211914,3896.2926595000026
memory,79052800,9650,3.460934579372406,,,,,,20158.006089766906,1.8944820165634155,3914.410000900003
memory,79462400,9700,3.3665557503700256,,,,,,23214.335305359473,1.9034913778305054,3933.118790100005
memory,79872000,9750,2.9241304099559784,,,,,,21811.11605439423,1.7393440008163452,3951.4325063000033
memory,80281600,9800,2.611463785171509,,,,,,22619.468039368636,2.029597759246826,3970.5698095000007
memory,80691200,9850,3.508411407470703,,,,,,23907.582252356002,1.6856390237808228,3988.7141744000037
memory,81100800,9900,2.8053500056266785,,,,,,23533.372747081263,1.769102692604065,4006.936400100003
memory,81510400,9950,3.628361999988556,,,,,,22963.013626392727,1.7902053594589233,4024.8924157000038
memory,81920000,10000,2.4677769541740417,,,,,,20116.74193254511,2.050283908843994,4043.2554434000012
memory,81920000,10000,,2.9683017283678055,4.282354183378372,,,,,,4043.2554434000012
memory,82329600,10050,2.3783240914344788,,,,,,21720.184526125544,1.6907092332839966,4068.570493000003
memory,82739200,10100,2.5021797716617584,,,,,,23265.7739789368,1.4479877948760986,4086.673702200005
memory,83148800,10150,3.228552758693695,,,,,,22631.478474766278,1.8615220785140991,4105.267424500005
memory,83558400,10200,3.023950457572937,,,,,,23151.48452675864,1.846761703491211,4123.285157200004
memory,83968000,10250,3.3307401537895203,,,,,,23712.10173974563,1.7627971172332764,4141.688425100005
memory,84377600,10300,2.478114426136017,,,,,,23307.224613648363,1.881862998008728,4159.986971400005
memory,84787200,10350,2.5786274075508118,,,,,,22009.94423900672,2.3261239528656006,4178.279320900005
memory,85196800,10400,3.611828625202179,,,,,,21615.625521945465,1.7866191864013672,4196.360864300001
memory,85606400,10450,3.110988676548004,,,,,,22998.438228598385,2.173837661743164,4214.475505600003
memory,86016000,10500,3.0545029640197754,,,,,,22123.170861741408,1.9974206686019897,4232.700559500005
memory,86425600,10550,3.057715356349945,,,,,,20079.519013145855,1.8899624347686768,4250.902159900001
memory,86835200,10600,3.4994664192199707,,,,,,23537.855808232893,2.177316427230835,4268.628198300004
memory,87244800,10650,2.2522115409374237,,,,,,23582.43431061616,1.7638026475906372,4286.796736100001
memory,87654400,10700,3.254623055458069,,,,,,22221.72792373209,1.8698277473449707,4304.858315500005
memory,88064000,10750,2.4095775187015533,,,,,,22658.29482500561,1.7216366529464722,4323.256439300003
memory,88473600,10800,3.1632704734802246,,,,,,23663.306276885884,2.224011182785034,4341.683975900003
memory,88883200,10850,2.568022459745407,,,,,,24233.044264416996,2.085503578186035,4360.1429333000015
memory,89292800,10900,2.805830180644989,,,,,,23754.890819436172,1.9767820835113525,4377.992901100002
memory,89702400,10950,2.6544092893600464,,,,,,23692.94041775118,2.3340542316436768,4396.055240200003
memory,90112000,11000,3.572756290435791,,,,,,19717.229132438795,1.8651134967803955,4414.219082900003
memory,90112000,11000,,2.945576973259449,4.24956929187813,,,,,,4414.219082900003
memory,90521600,11050,3.7116432189941406,,,,,,24776.768633803185,1.7532368898391724,4440.8901688000005
memory,90931200,11100,2.52372282743454,,,,,,19231.86630096601,2.348663091659546,4459.916908800002
memory,91340800,11150,2.856143295764923,,,,,,21062.06599016253,1.8340510129928589,4479.017078800003
memory,91750400,11200,3.301093637943268,,,,,,20606.710663811908,1.8655822277069092,4497.5445058000005
memory,92160000,11250,2.368538200855255,,,,,,21285.535112099034,1.645688533782959,4519.005632400003
memory,92569600,11300,3.3787506222724915,,,,,,19559.948903411547,1.5689865350723267,4540.621263900004
memory,92979200,11350,2.25268292427063,,,,,,24785.58442324992,1.9336241483688354,4558.756430000005
memory,93388800,11400,2.6550402641296387,,,,,,23053.652084597546,1.648198127746582,4576.158849000003
memory,93798400,11450,3.192162334918976,,,,,,24274.86543918509,1.878167986869812,4594.101329500005
memory,94208000,11500,2.2141630351543427,,,,,,18421.755661688367,1.6259663105010986,4613.497294000004
memory,94617600,11550,2.991588830947876,,,,,,15357.812471582327,1.8348307609558105,4636.530549000003
memory,95027200,11600,2.046798288822174,,,,,,18606.776709800182,2.043393850326538,4659.590671800001
memory,95436800,11650,3.0345555543899536,,,,,,17524.9252056115,1.9567877054214478,4679.949566300002
memory,95846400,11700,3.051883041858673,,,,,,18151.28538004779,1.683303713798523,4703.059835000004
memory,96256000,11750,3.0583964586257935,,,,,,18163.979135372312,2.079211473464966,4726.082213900005
memory,96665600,11800,3.145921766757965,,,,,,17411.216504599735,1.9830161333084106,4749.367067500003
memory,97075200,11850,2.865539073944092,,,,,,17251.374982174053,2.0568108558654785,4772.3737335000005
memory,97484800,11900,2.3685951828956604,,,,,,15745.116697794758,1.4967840909957886,4795.494543000004
memory,97894400,11950,3.1632174849510193,,,,,,18122.582724619686,2.1228487491607666,4818.537939700003
memory,98304000,12000,2.6383301317691803,,,,,,17534.970943809258,2.425086259841919,4841.340892700002
memory,98304000,12000,,2.9245018288493156,4.219164285551612,,,,,,4841.340892700002
memory,98713600,12050,2.6145495772361755,,,,,,17414.936369193972,1.7627393007278442,4873.7644855000035
memory,99123200,12100,2.8789568543434143,,,,,,17559.29262115987,1.8003009557724,4896.489671500003
memory,99532800,12150,2.6338497698307037,,,,,,18856.589102603586,1.8815420866012573,4919.247515200001
memory,99942400,12200,3.636094570159912,,,,,,17753.486169587133,4.831786155700684,4942.236055100006
memory,100007936,12208,2.608356475830078,,,,,,17049.460918989465,2.4077329635620117,4945.874746600002
